episode_id,start_timestamp,end_timestamp,duration_hours,n_scored_hours,mean_actual_pm25,max_actual_pm25,m0_mae,m1_mae,m2_mae,m3_mae,m0_mean_residual,m1_mean_residual,m2_mean_residual,m3_mean_residual
1,2014-01-13 22:00:00,2014-01-13 23:00:00,2,2,293.0,299.0,220.0,180.54375391812528,197.53125,207.5506996053827,220.0,180.54375391812528,197.53125,207.5506996053827
2,2014-01-15 19:00:00,2014-01-16 13:00:00,19,19,537.8947368421053,671.0,464.89473684210526,368.9492427683241,368.2013534017213,349.5294630665942,464.89473684210526,368.9492427683241,368.2013534017213,349.5294630665942
3,2014-01-16 15:00:00,2014-01-17 02:00:00,12,12,340.0,437.0,267.0,157.16705570065264,158.44225437010246,160.63303328233647,267.0,157.16705570065264,158.44225437010246,160.63303328233647
4,2014-01-17 20:00:00,2014-01-17 23:00:00,4,4,338.5,384.0,265.5,291.77116551530276,319.83247422680415,318.4301993172297,265.5,291.77116551530276,319.83247422680415,318.4301993172297
5,2014-01-23 00:00:00,2014-01-23 06:00:00,7,7,336.42857142857144,366.0,263.42857142857144,189.39815386771002,170.9789638932496,199.56653378265005,263.42857142857144,189.39815386771002,170.9789638932496,199.56653378265005
6,2014-01-23 11:00:00,2014-01-23 11:00:00,1,1,311.0,311.0,238.0,181.29512987148837,185.65934065934064,233.03707711153623,238.0,181.29512987148837,185.65934065934064,233.03707711153623
7,2014-01-23 18:00:00,2014-01-24 03:00:00,10,10,311.0,335.0,238.0,131.40892328165575,159.96395639965144,129.7024916334042,238.0,131.40892328165575,159.96395639965144,129.7024916334042
8,2014-01-31 01:00:00,2014-01-31 02:00:00,2,2,406.5,469.0,333.5,206.67163420223687,315.8333333333333,314.99856359496613,333.5,206.67163420223687,315.8333333333333,314.99856359496613
9,2014-02-14 16:00:00,2014-02-15 08:00:00,17,17,401.1764705882353,649.0,328.1764705882353,244.1163122599451,201.8995406053805,201.01166595808357,328.1764705882353,244.1163122599451,201.8995406053805,201.01166595808357
10,2014-02-15 13:00:00,2014-02-16 09:00:00,21,21,359.9047619047619,423.0,286.9047619047619,205.5075368575116,189.74048386963818,179.53229641793237,286.9047619047619,205.5075368575116,189.74048386963818,179.53229641793237
11,2014-02-20 16:00:00,2014-02-21 09:00:00,18,18,368.1111111111111,448.0,295.1111111111111,200.30630471664247,233.79187734779842,238.3441860567103,295.1111111111111,200.30630471664247,233.79187734779842,238.3441860567103
12,2014-02-21 13:00:00,2014-02-23 00:00:00,36,36,335.8611111111111,399.0,262.8611111111111,176.3494760762659,146.39704415954415,132.99319587009757,262.8611111111111,176.3494760762659,104.44832621082622,101.37899968852041
13,2014-02-23 14:00:00,2014-02-26 17:00:00,76,76,417.75,577.0,344.75,245.76372687857364,179.9733930339617,175.20878019922938,344.75,245.76372687857364,160.2669153011682,157.18127349757305
14,2014-03-03 00:00:00,2014-03-03 00:00:00,1,1,306.0,306.0,233.0,154.91706089920808,136.01923076923075,177.12044197617632,233.0,154.91706089920808,136.01923076923075,177.12044197617632
15,2014-03-03 11:00:00,2014-03-03 11:00:00,1,1,284.0,284.0,211.0,130.98661517637856,183.4320987654321,166.31983258533342,211.0,130.98661517637856,183.4320987654321,166.31983258533342
16,2014-03-03 13:00:00,2014-03-03 15:00:00,3,3,308.3333333333333,322.0,235.33333333333334,182.77254513652133,206.8008863564419,204.37240676971362,235.33333333333334,182.77254513652133,206.8008863564419,204.37240676971362
17,2014-03-11 11:00:00,2014-03-11 11:00:00,1,1,303.0,303.0,230.0,189.86481972165302,90.7857142857143,103.8467991820271,230.0,189.86481972165302,90.7857142857143,103.8467991820271
18,2014-03-25 00:00:00,2014-03-25 04:00:00,5,5,311.8,326.0,238.8,132.73402652887734,105.77082763337896,60.28623232408806,238.8,132.73402652887734,100.27082763337896,60.28623232408806
19,2014-03-26 06:00:00,2014-03-26 15:00:00,10,10,322.5,350.0,249.5,104.78789933855629,145.35305183619136,124.10670198611543,249.5,104.78789933855629,145.35305183619136,124.10670198611543
20,2014-03-26 18:00:00,2014-03-27 13:00:00,20,20,383.7,465.0,310.7,164.9795195362183,118.17928154089915,145.43214000270245,310.7,164.9795195362183,118.17928154089915,145.43214000270245
21,2014-04-09 20:00:00,2014-04-09 20:00:00,1,1,580.0,580.0,507.0,520.049184735476,515.5443786982248,504.7440358765781,507.0,520.049184735476,515.5443786982248,504.7440358765781
22,2014-07-04 00:00:00,2014-07-04 04:00:00,5,5,296.2,303.0,223.2,182.30391981806696,184.64180015771095,182.92134303108588,223.2,182.30391981806696,184.64180015771095,182.92134303108588
23,2014-10-07 22:00:00,2014-10-08 01:00:00,4,4,300.0,326.0,227.0,117.77257843464429,22.996491228070177,62.44321201045047,227.0,117.77257843464429,22.463157894736845,62.44321201045047
24,2014-10-08 15:00:00,2014-10-10 14:00:00,48,48,370.1458333333333,454.0,297.1458333333333,190.14015329708664,141.56580194606912,126.05118895252788,297.1458333333333,190.14015329708664,141.56580194606912,126.05118895252788
25,2014-10-10 19:00:00,2014-10-11 04:00:00,10,10,314.5,331.0,241.5,122.87221529548397,112.34,64.95397181129178,241.5,122.87221529548397,112.34,64.95397181129178
26,2014-10-18 20:00:00,2014-10-19 12:00:00,17,17,361.70588235294116,413.0,288.70588235294116,179.95479654573376,107.9010220304338,116.21593618938381,288.70588235294116,179.95479654573376,105.43043379513968,116.21593618938381
27,2014-10-20 13:00:00,2014-10-20 13:00:00,1,1,285.0,285.0,212.0,93.29710283722355,43.833333333333314,66.02222429792684,212.0,93.29710283722355,-43.833333333333314,66.02222429792684
28,2014-10-24 14:00:00,2014-10-26 03:00:00,38,38,357.89473684210526,472.0,284.89473684210526,169.57997395956954,133.86254204716977,131.30187229361508,284.89473684210526,169.57997395956954,130.68885783664345,130.49393131003933
29,2014-11-15 23:00:00,2014-11-15 23:00:00,1,1,283.0,283.0,210.0,154.37124604204064,113.27659574468089,132.95339235953838,210.0,154.37124604204064,113.27659574468089,132.95339235953838
30,2014-11-16 05:00:00,2014-11-16 07:00:00,3,3,295.6666666666667,304.0,222.66666666666666,160.34685073586903,63.92134324994367,88.40287032155054,222.66666666666666,160.34685073586903,63.92134324994367,88.40287032155054
31,2014-11-19 02:00:00,2014-11-19 04:00:00,3,3,352.6666666666667,371.0,279.6666666666667,218.5006400870452,182.36064237384858,179.3355242091085,279.6666666666667,218.5006400870452,182.36064237384858,179.3355242091085
32,2014-11-19 10:00:00,2014-11-20 20:00:00,35,35,341.2857142857143,409.0,268.2857142857143,166.76187537468192,131.16181031300522,143.4095634022227,268.2857142857143,166.76187537468192,131.16181031300522,143.4095634022227
33,2014-11-21 09:00:00,2014-11-21 09:00:00,1,1,287.0,287.0,214.0,124.00258173470732,95.30000000000001,102.17045246482326,214.0,124.00258173470732,95.30000000000001,102.17045246482326
34,2014-11-24 01:00:00,2014-11-24 01:00:00,1,1,289.0,289.0,216.0,135.56466417027696,27.117647058823536,114.43444457631878,216.0,135.56466417027696,27.117647058823536,114.43444457631878
35,2014-11-25 22:00:00,2014-11-26 02:00:00,5,5,311.6,342.0,238.6,120.12303700226576,99.08981481481484,92.01012434505796,238.6,120.12303700226576,99.08981481481484,92.01012434505796
36,2014-11-26 15:00:00,2014-11-27 02:00:00,12,12,401.4166666666667,522.0,328.4166666666667,216.07779974673392,212.66871770025838,217.643501633868,328.4166666666667,216.07779974673392,212.66871770025838,217.643501633868
37,2014-11-29 07:00:00,2014-11-29 22:00:00,16,16,327.0,393.0,254.0,146.06460627536143,136.67650462962962,139.46777940767493,254.0,146.06460627536143,136.67650462962962,139.46777940767493
38,2014-12-09 12:00:00,2014-12-10 08:00:00,21,21,341.7142857142857,390.0,268.7142857142857,179.53301725554107,139.21499209822045,135.83338067984383,268.7142857142857,179.53301725554107,139.21499209822045,135.83338067984383
39,2014-12-15 02:00:00,2014-12-15 05:00:00,4,4,299.0,307.0,226.0,157.9082861872214,103.56969759379396,124.37448970513266,226.0,157.9082861872214,103.56969759379396,124.37448970513266
40,2014-12-27 18:00:00,2014-12-28 05:00:00,12,12,355.0,444.0,282.0,194.07967732160682,162.8808349053213,167.890387814908,282.0,194.07967732160682,162.8808349053213,167.890387814908
41,2014-12-28 21:00:00,2014-12-29 04:00:00,8,8,344.375,373.0,271.375,172.42808884822114,182.47680379946152,153.98604237214556,271.375,172.42808884822114,182.47680379946152,153.98604237214556
