model,station,horizon_hours,lag_hours,acf,n_pairs
B3_R2,Aotizhongxin,1,1,0.231724,8511
B3_R2,Aotizhongxin,1,2,0.020438,8487
B3_R2,Aotizhongxin,1,3,0.010889,8484
B3_R2,Aotizhongxin,1,6,-0.009565,8470
B3_R2,Aotizhongxin,1,12,-0.00278,8439
B3_R2,Aotizhongxin,1,24,-0.00059,8389
B3_R2,Aotizhongxin,1,48,0.022946,8360
B3_R2,Aotizhongxin,1,72,0.011411,8333
B3_R2,Aotizhongxin,1,168,0.012108,8242
B3_R2,Aotizhongxin,6,1,0.867144,8511
B3_R2,Aotizhongxin,6,2,0.681316,8487
B3_R2,Aotizhongxin,6,3,0.498702,8484
B3_R2,Aotizhongxin,6,6,0.03217,8470
B3_R2,Aotizhongxin,6,12,0.032938,8439
B3_R2,Aotizhongxin,6,24,0.028488,8389
B3_R2,Aotizhongxin,6,48,0.047121,8360
B3_R2,Aotizhongxin,6,72,0.038887,8333
B3_R2,Aotizhongxin,6,168,0.019097,8242
B3_R2,Aotizhongxin,12,1,0.938303,8511
B3_R2,Aotizhongxin,12,2,0.852343,8487
B3_R2,Aotizhongxin,12,3,0.769501,8484
B3_R2,Aotizhongxin,12,6,0.549161,8470
B3_R2,Aotizhongxin,12,12,0.20698,8439
B3_R2,Aotizhongxin,12,24,0.137446,8389
B3_R2,Aotizhongxin,12,48,0.117189,8360
B3_R2,Aotizhongxin,12,72,0.106797,8333
B3_R2,Aotizhongxin,12,168,0.009637,8242
B3_R2,Aotizhongxin,24,1,0.963623,8511
B3_R2,Aotizhongxin,24,2,0.911337,8487
B3_R2,Aotizhongxin,24,3,0.859479,8484
B3_R2,Aotizhongxin,24,6,0.722935,8470
B3_R2,Aotizhongxin,24,12,0.51938,8439
B3_R2,Aotizhongxin,24,24,0.242305,8389
B3_R2,Aotizhongxin,24,48,0.176006,8360
B3_R2,Aotizhongxin,24,72,0.153638,8333
B3_R2,Aotizhongxin,24,168,0.02334,8242
B3_R2,Changping,1,1,0.0479,8568
B3_R2,Changping,1,2,-0.043982,8553
B3_R2,Changping,1,3,-0.014127,8549
B3_R2,Changping,1,6,0.009186,8541
B3_R2,Changping,1,12,-0.016495,8528
B3_R2,Changping,1,24,0.004492,8513
B3_R2,Changping,1,48,0.039461,8486
B3_R2,Changping,1,72,0.002445,8461
B3_R2,Changping,1,168,0.019613,8369
B3_R2,Changping,6,1,0.844664,8568
B3_R2,Changping,6,2,0.652503,8553
B3_R2,Changping,6,3,0.4732,8549
B3_R2,Changping,6,6,0.017555,8541
B3_R2,Changping,6,12,-0.040663,8528
B3_R2,Changping,6,24,0.031931,8513
B3_R2,Changping,6,48,0.057539,8486
B3_R2,Changping,6,72,0.022826,8461
B3_R2,Changping,6,168,0.029361,8369
B3_R2,Changping,12,1,0.92784,8568
B3_R2,Changping,12,2,0.836005,8553
B3_R2,Changping,12,3,0.750141,8549
B3_R2,Changping,12,6,0.519677,8541
B3_R2,Changping,12,12,0.159539,8528
B3_R2,Changping,12,24,0.152569,8513
B3_R2,Changping,12,48,0.108611,8486
B3_R2,Changping,12,72,0.074638,8461
B3_R2,Changping,12,168,0.025153,8369
B3_R2,Changping,24,1,0.96115,8568
B3_R2,Changping,24,2,0.912181,8553
B3_R2,Changping,24,3,0.866429,8549
B3_R2,Changping,24,6,0.747659,8541
B3_R2,Changping,24,12,0.551252,8528
B3_R2,Changping,24,24,0.308721,8513
B3_R2,Changping,24,48,0.165513,8486
B3_R2,Changping,24,72,0.120329,8461
B3_R2,Changping,24,168,0.03371,8369
B3_R2,Dingling,1,1,0.053329,8396
B3_R2,Dingling,1,2,-0.018625,8372
B3_R2,Dingling,1,3,0.008711,8360
B3_R2,Dingling,1,6,-0.014356,8338
B3_R2,Dingling,1,12,-0.003164,8310
B3_R2,Dingling,1,24,0.014043,8271
B3_R2,Dingling,1,48,0.034139,8222
B3_R2,Dingling,1,72,-0.010972,8172
B3_R2,Dingling,1,168,0.017836,8032
B3_R2,Dingling,6,1,0.844473,8396
B3_R2,Dingling,6,2,0.656018,8372
B3_R2,Dingling,6,3,0.479587,8360
B3_R2,Dingling,6,6,0.003002,8338
B3_R2,Dingling,6,12,-0.094422,8310
B3_R2,Dingling,6,24,0.022073,8271
B3_R2,Dingling,6,48,0.053759,8222
B3_R2,Dingling,6,72,0.012098,8172
B3_R2,Dingling,6,168,0.032227,8032
B3_R2,Dingling,12,1,0.923015,8396
B3_R2,Dingling,12,2,0.831619,8372
B3_R2,Dingling,12,3,0.746084,8360
B3_R2,Dingling,12,6,0.495127,8338
B3_R2,Dingling,12,12,0.058563,8310
B3_R2,Dingling,12,24,0.072957,8271
B3_R2,Dingling,12,48,0.07654,8222
B3_R2,Dingling,12,72,0.029635,8172
B3_R2,Dingling,12,168,0.026209,8032
B3_R2,Dingling,24,1,0.9568,8396
B3_R2,Dingling,24,2,0.907302,8372
B3_R2,Dingling,24,3,0.861485,8360
B3_R2,Dingling,24,6,0.730048,8338
B3_R2,Dingling,24,12,0.503624,8310
B3_R2,Dingling,24,24,0.223072,8271
B3_R2,Dingling,24,48,0.113885,8222
B3_R2,Dingling,24,72,0.080959,8172
B3_R2,Dingling,24,168,0.010273,8032
B3_R2,Dongsi,1,1,0.222951,8292
B3_R2,Dongsi,1,2,0.038117,8256
B3_R2,Dongsi,1,3,0.040004,8245
B3_R2,Dongsi,1,6,0.018255,8207
B3_R2,Dongsi,1,12,-0.013107,8148
B3_R2,Dongsi,1,24,0.037455,8073
B3_R2,Dongsi,1,48,0.004848,7982
B3_R2,Dongsi,1,72,0.004096,7962
B3_R2,Dongsi,1,168,0.023244,7859
B3_R2,Dongsi,6,1,0.86759,8292
B3_R2,Dongsi,6,2,0.688952,8256
B3_R2,Dongsi,6,3,0.515575,8245
B3_R2,Dongsi,6,6,0.050584,8207
B3_R2,Dongsi,6,12,0.044435,8148
B3_R2,Dongsi,6,24,0.073599,8073
B3_R2,Dongsi,6,48,0.06991,7982
B3_R2,Dongsi,6,72,0.039423,7962
B3_R2,Dongsi,6,168,0.027451,7859
B3_R2,Dongsi,12,1,0.938679,8292
B3_R2,Dongsi,12,2,0.857239,8256
B3_R2,Dongsi,12,3,0.777828,8245
B3_R2,Dongsi,12,6,0.554606,8207
B3_R2,Dongsi,12,12,0.228963,8148
B3_R2,Dongsi,12,24,0.180296,8073
B3_R2,Dongsi,12,48,0.149017,7982
B3_R2,Dongsi,12,72,0.111754,7962
B3_R2,Dongsi,12,168,0.010141,7859
B3_R2,Dongsi,24,1,0.964547,8292
B3_R2,Dongsi,24,2,0.913869,8256
B3_R2,Dongsi,24,3,0.863959,8245
B3_R2,Dongsi,24,6,0.723008,8207
B3_R2,Dongsi,24,12,0.524679,8148
B3_R2,Dongsi,24,24,0.272317,8073
B3_R2,Dongsi,24,48,0.20395,7982
B3_R2,Dongsi,24,72,0.150834,7962
B3_R2,Dongsi,24,168,0.024098,7859
B3_R2,Guanyuan,1,1,0.16962,8506
B3_R2,Guanyuan,1,2,-0.006745,8482
B3_R2,Guanyuan,1,3,-0.001959,8471
B3_R2,Guanyuan,1,6,-0.014665,8448
B3_R2,Guanyuan,1,12,-0.028036,8418
B3_R2,Guanyuan,1,24,0.001913,8388
B3_R2,Guanyuan,1,48,0.031279,8348
B3_R2,Guanyuan,1,72,0.016539,8323
B3_R2,Guanyuan,1,168,0.009198,8238
B3_R2,Guanyuan,6,1,0.863553,8506
B3_R2,Guanyuan,6,2,0.669173,8482
B3_R2,Guanyuan,6,3,0.480898,8471
B3_R2,Guanyuan,6,6,0.013098,8448
B3_R2,Guanyuan,6,12,0.029484,8418
B3_R2,Guanyuan,6,24,0.039211,8388
B3_R2,Guanyuan,6,48,0.05728,8348
B3_R2,Guanyuan,6,72,0.022505,8323
B3_R2,Guanyuan,6,168,-0.009717,8238
B3_R2,Guanyuan,12,1,0.937009,8506
B3_R2,Guanyuan,12,2,0.847268,8482
B3_R2,Guanyuan,12,3,0.761788,8471
B3_R2,Guanyuan,12,6,0.545623,8448
B3_R2,Guanyuan,12,12,0.216707,8418
B3_R2,Guanyuan,12,24,0.148695,8388
B3_R2,Guanyuan,12,48,0.125919,8348
B3_R2,Guanyuan,12,72,0.075099,8323
B3_R2,Guanyuan,12,168,-0.020663,8238
B3_R2,Guanyuan,24,1,0.965081,8506
B3_R2,Guanyuan,24,2,0.913052,8482
B3_R2,Guanyuan,24,3,0.863513,8471
B3_R2,Guanyuan,24,6,0.734611,8448
B3_R2,Guanyuan,24,12,0.548792,8418
B3_R2,Guanyuan,24,24,0.277445,8388
B3_R2,Guanyuan,24,48,0.186947,8348
B3_R2,Guanyuan,24,72,0.117611,8323
B3_R2,Guanyuan,24,168,0.017836,8238
B3_R2,Gucheng,1,1,0.262091,8529
B3_R2,Gucheng,1,2,0.044721,8504
B3_R2,Gucheng,1,3,0.04821,8494
B3_R2,Gucheng,1,6,0.012029,8479
B3_R2,Gucheng,1,12,-0.012394,8457
B3_R2,Gucheng,1,24,0.020775,8432
B3_R2,Gucheng,1,48,0.025575,8411
B3_R2,Gucheng,1,72,0.020728,8383
B3_R2,Gucheng,1,168,0.00593,8296
B3_R2,Gucheng,6,1,0.874607,8529
B3_R2,Gucheng,6,2,0.698615,8504
B3_R2,Gucheng,6,3,0.534677,8494
B3_R2,Gucheng,6,6,0.110126,8479
B3_R2,Gucheng,6,12,0.037956,8457
B3_R2,Gucheng,6,24,0.141741,8432
B3_R2,Gucheng,6,48,0.077949,8411
B3_R2,Gucheng,6,72,0.111672,8383
B3_R2,Gucheng,6,168,0.026975,8296
B3_R2,Gucheng,12,1,0.942228,8529
B3_R2,Gucheng,12,2,0.860498,8504
B3_R2,Gucheng,12,3,0.785928,8494
B3_R2,Gucheng,12,6,0.577004,8479
B3_R2,Gucheng,12,12,0.249302,8457
B3_R2,Gucheng,12,24,0.239036,8432
B3_R2,Gucheng,12,48,0.13697,8411
B3_R2,Gucheng,12,72,0.154416,8383
B3_R2,Gucheng,12,168,0.011382,8296
B3_R2,Gucheng,24,1,0.964609,8529
B3_R2,Gucheng,24,2,0.913311,8504
B3_R2,Gucheng,24,3,0.865076,8494
B3_R2,Gucheng,24,6,0.73066,8479
B3_R2,Gucheng,24,12,0.527895,8457
B3_R2,Gucheng,24,24,0.305069,8432
B3_R2,Gucheng,24,48,0.150248,8411
B3_R2,Gucheng,24,72,0.176771,8383
B3_R2,Gucheng,24,168,0.035663,8296
B3_R2,Huairou,1,1,0.064701,8556
B3_R2,Huairou,1,2,-0.088507,8541
B3_R2,Huairou,1,3,0.004068,8539
B3_R2,Huairou,1,6,-0.005164,8522
B3_R2,Huairou,1,12,-0.000513,8499
B3_R2,Huairou,1,24,0.032966,8461
B3_R2,Huairou,1,48,0.01704,8436
B3_R2,Huairou,1,72,0.021855,8413
B3_R2,Huairou,1,168,0.020467,8317
B3_R2,Huairou,6,1,0.843282,8556
B3_R2,Huairou,6,2,0.657482,8541
B3_R2,Huairou,6,3,0.480768,8539
B3_R2,Huairou,6,6,0.020612,8522
B3_R2,Huairou,6,12,-0.002964,8499
B3_R2,Huairou,6,24,0.019904,8461
B3_R2,Huairou,6,48,0.044502,8436
B3_R2,Huairou,6,72,0.033806,8413
B3_R2,Huairou,6,168,-0.009997,8317
B3_R2,Huairou,12,1,0.923385,8556
B3_R2,Huairou,12,2,0.831524,8541
B3_R2,Huairou,12,3,0.748068,8539
B3_R2,Huairou,12,6,0.518564,8522
B3_R2,Huairou,12,12,0.136485,8499
B3_R2,Huairou,12,24,0.070345,8461
B3_R2,Huairou,12,48,0.029873,8436
B3_R2,Huairou,12,72,0.040153,8413
B3_R2,Huairou,12,168,-0.029601,8317
B3_R2,Huairou,24,1,0.956016,8556
B3_R2,Huairou,24,2,0.901804,8541
B3_R2,Huairou,24,3,0.852552,8539
B3_R2,Huairou,24,6,0.715355,8522
B3_R2,Huairou,24,12,0.492483,8499
B3_R2,Huairou,24,24,0.203429,8461
B3_R2,Huairou,24,48,0.079659,8436
B3_R2,Huairou,24,72,0.098209,8413
B3_R2,Huairou,24,168,-0.002692,8317
B3_R2,Nongzhanguan,1,1,0.246702,8538
B3_R2,Nongzhanguan,1,2,0.067644,8511
B3_R2,Nongzhanguan,1,3,0.063789,8506
B3_R2,Nongzhanguan,1,6,-0.010451,8487
B3_R2,Nongzhanguan,1,12,0.006604,8479
B3_R2,Nongzhanguan,1,24,-0.004518,8463
B3_R2,Nongzhanguan,1,48,0.026167,8442
B3_R2,Nongzhanguan,1,72,0.01302,8413
B3_R2,Nongzhanguan,1,168,0.008324,8320
B3_R2,Nongzhanguan,6,1,0.876851,8538
B3_R2,Nongzhanguan,6,2,0.700585,8511
B3_R2,Nongzhanguan,6,3,0.519128,8506
B3_R2,Nongzhanguan,6,6,0.038081,8487
B3_R2,Nongzhanguan,6,12,0.045154,8479
B3_R2,Nongzhanguan,6,24,0.05808,8463
B3_R2,Nongzhanguan,6,48,0.07036,8442
B3_R2,Nongzhanguan,6,72,0.043707,8413
B3_R2,Nongzhanguan,6,168,0.038928,8320
B3_R2,Nongzhanguan,12,1,0.942181,8538
B3_R2,Nongzhanguan,12,2,0.861302,8511
B3_R2,Nongzhanguan,12,3,0.780982,8506
B3_R2,Nongzhanguan,12,6,0.542642,8487
B3_R2,Nongzhanguan,12,12,0.205741,8479
B3_R2,Nongzhanguan,12,24,0.162702,8463
B3_R2,Nongzhanguan,12,48,0.148044,8442
B3_R2,Nongzhanguan,12,72,0.127959,8413
B3_R2,Nongzhanguan,12,168,0.033782,8320
B3_R2,Nongzhanguan,24,1,0.966007,8538
B3_R2,Nongzhanguan,24,2,0.916583,8511
B3_R2,Nongzhanguan,24,3,0.866702,8506
B3_R2,Nongzhanguan,24,6,0.722449,8487
B3_R2,Nongzhanguan,24,12,0.523552,8479
B3_R2,Nongzhanguan,24,24,0.266891,8463
B3_R2,Nongzhanguan,24,48,0.213738,8442
B3_R2,Nongzhanguan,24,72,0.16842,8413
B3_R2,Nongzhanguan,24,168,0.042147,8320
B3_R2,Shunyi,1,1,0.190941,8319
B3_R2,Shunyi,1,2,0.056719,8288
B3_R2,Shunyi,1,3,0.05069,8275
B3_R2,Shunyi,1,6,-0.017224,8233
B3_R2,Shunyi,1,12,-0.005963,8189
B3_R2,Shunyi,1,24,-0.000306,8138
B3_R2,Shunyi,1,48,0.011909,8080
B3_R2,Shunyi,1,72,0.015805,8057
B3_R2,Shunyi,1,168,0.006034,7964
B3_R2,Shunyi,6,1,0.868718,8319
B3_R2,Shunyi,6,2,0.69656,8288
B3_R2,Shunyi,6,3,0.514844,8275
B3_R2,Shunyi,6,6,0.044786,8233
B3_R2,Shunyi,6,12,-0.038297,8189
B3_R2,Shunyi,6,24,0.073991,8138
B3_R2,Shunyi,6,48,0.069458,8080
B3_R2,Shunyi,6,72,0.043329,8057
B3_R2,Shunyi,6,168,0.04687,7964
B3_R2,Shunyi,12,1,0.934142,8319
B3_R2,Shunyi,12,2,0.845709,8288
B3_R2,Shunyi,12,3,0.752399,8275
B3_R2,Shunyi,12,6,0.494086,8233
B3_R2,Shunyi,12,12,0.098627,8189
B3_R2,Shunyi,12,24,0.098976,8138
B3_R2,Shunyi,12,48,0.085213,8080
B3_R2,Shunyi,12,72,0.075734,8057
B3_R2,Shunyi,12,168,0.021469,7964
B3_R2,Shunyi,24,1,0.960164,8319
B3_R2,Shunyi,24,2,0.905291,8288
B3_R2,Shunyi,24,3,0.847862,8275
B3_R2,Shunyi,24,6,0.686768,8233
B3_R2,Shunyi,24,12,0.453345,8189
B3_R2,Shunyi,24,24,0.211754,8138
B3_R2,Shunyi,24,48,0.155201,8080
B3_R2,Shunyi,24,72,0.146744,8057
B3_R2,Shunyi,24,168,0.016251,7964
B3_R2,Tiantan,1,1,0.252377,8558
B3_R2,Tiantan,1,2,0.047046,8534
B3_R2,Tiantan,1,3,0.01528,8522
B3_R2,Tiantan,1,6,-0.026213,8506
B3_R2,Tiantan,1,12,0.016507,8487
B3_R2,Tiantan,1,24,0.000592,8462
B3_R2,Tiantan,1,48,0.018033,8441
B3_R2,Tiantan,1,72,-0.000358,8416
B3_R2,Tiantan,1,168,0.003981,8324
B3_R2,Tiantan,6,1,0.868527,8558
B3_R2,Tiantan,6,2,0.682959,8534
B3_R2,Tiantan,6,3,0.500516,8522
B3_R2,Tiantan,6,6,0.059841,8506
B3_R2,Tiantan,6,12,0.054814,8487
B3_R2,Tiantan,6,24,0.054273,8462
B3_R2,Tiantan,6,48,0.066387,8441
B3_R2,Tiantan,6,72,0.041295,8416
B3_R2,Tiantan,6,168,0.035528,8324
B3_R2,Tiantan,12,1,0.941503,8558
B3_R2,Tiantan,12,2,0.860175,8534
B3_R2,Tiantan,12,3,0.778753,8522
B3_R2,Tiantan,12,6,0.56559,8506
B3_R2,Tiantan,12,12,0.256652,8487
B3_R2,Tiantan,12,24,0.188098,8462
B3_R2,Tiantan,12,48,0.165381,8441
B3_R2,Tiantan,12,72,0.140626,8416
B3_R2,Tiantan,12,168,0.033522,8324
B3_R2,Tiantan,24,1,0.965931,8558
B3_R2,Tiantan,24,2,0.916404,8534
B3_R2,Tiantan,24,3,0.867166,8522
B3_R2,Tiantan,24,6,0.741532,8506
B3_R2,Tiantan,24,12,0.558912,8487
B3_R2,Tiantan,24,24,0.286459,8462
B3_R2,Tiantan,24,48,0.220846,8441
B3_R2,Tiantan,24,72,0.184431,8416
B3_R2,Tiantan,24,168,0.041687,8324
B3_R2,Wanliu,1,1,0.17301,8583
B3_R2,Wanliu,1,2,-0.050874,8567
B3_R2,Wanliu,1,3,-0.026058,8563
B3_R2,Wanliu,1,6,-0.050993,8549
B3_R2,Wanliu,1,12,-0.005416,8536
B3_R2,Wanliu,1,24,0.009916,8518
B3_R2,Wanliu,1,48,-0.002307,8491
B3_R2,Wanliu,1,72,-0.00664,8466
B3_R2,Wanliu,1,168,-0.008733,8375
B3_R2,Wanliu,6,1,0.867635,8583
B3_R2,Wanliu,6,2,0.678159,8567
B3_R2,Wanliu,6,3,0.494904,8563
B3_R2,Wanliu,6,6,0.022247,8549
B3_R2,Wanliu,6,12,0.059882,8536
B3_R2,Wanliu,6,24,0.07331,8518
B3_R2,Wanliu,6,48,0.035706,8491
B3_R2,Wanliu,6,72,0.034972,8466
B3_R2,Wanliu,6,168,0.013003,8375
B3_R2,Wanliu,12,1,0.93932,8583
B3_R2,Wanliu,12,2,0.854222,8567
B3_R2,Wanliu,12,3,0.775561,8563
B3_R2,Wanliu,12,6,0.569245,8549
B3_R2,Wanliu,12,12,0.251808,8536
B3_R2,Wanliu,12,24,0.176426,8518
B3_R2,Wanliu,12,48,0.137233,8491
B3_R2,Wanliu,12,72,0.116012,8466
B3_R2,Wanliu,12,168,-0.000788,8375
B3_R2,Wanliu,24,1,0.966308,8583
B3_R2,Wanliu,24,2,0.917297,8567
B3_R2,Wanliu,24,3,0.869864,8563
B3_R2,Wanliu,24,6,0.742567,8549
B3_R2,Wanliu,24,12,0.561062,8536
B3_R2,Wanliu,24,24,0.291361,8518
B3_R2,Wanliu,24,48,0.182538,8491
B3_R2,Wanliu,24,72,0.159512,8466
B3_R2,Wanliu,24,168,0.026468,8375
B3_R2,Wanshouxigong,1,1,0.203178,8468
B3_R2,Wanshouxigong,1,2,0.026795,8447
B3_R2,Wanshouxigong,1,3,0.07084,8443
B3_R2,Wanshouxigong,1,6,0.02093,8422
B3_R2,Wanshouxigong,1,12,0.0059,8382
B3_R2,Wanshouxigong,1,24,0.014093,8336
B3_R2,Wanshouxigong,1,48,0.007121,8294
B3_R2,Wanshouxigong,1,72,0.002179,8272
B3_R2,Wanshouxigong,1,168,-0.006187,8186
B3_R2,Wanshouxigong,6,1,0.857351,8468
B3_R2,Wanshouxigong,6,2,0.682488,8447
B3_R2,Wanshouxigong,6,3,0.522429,8443
B3_R2,Wanshouxigong,6,6,0.104773,8422
B3_R2,Wanshouxigong,6,12,0.080354,8382
B3_R2,Wanshouxigong,6,24,0.060489,8336
B3_R2,Wanshouxigong,6,48,0.063605,8294
B3_R2,Wanshouxigong,6,72,0.035502,8272
B3_R2,Wanshouxigong,6,168,0.037703,8186
B3_R2,Wanshouxigong,12,1,0.935532,8468
B3_R2,Wanshouxigong,12,2,0.855257,8447
B3_R2,Wanshouxigong,12,3,0.781066,8443
B3_R2,Wanshouxigong,12,6,0.578954,8422
B3_R2,Wanshouxigong,12,12,0.275473,8382
B3_R2,Wanshouxigong,12,24,0.204526,8336
B3_R2,Wanshouxigong,12,48,0.182775,8294
B3_R2,Wanshouxigong,12,72,0.139739,8272
B3_R2,Wanshouxigong,12,168,0.043987,8186
B3_R2,Wanshouxigong,24,1,0.961269,8468
B3_R2,Wanshouxigong,24,2,0.912178,8447
B3_R2,Wanshouxigong,24,3,0.865788,8443
B3_R2,Wanshouxigong,24,6,0.74093,8422
B3_R2,Wanshouxigong,24,12,0.556532,8382
B3_R2,Wanshouxigong,24,24,0.31456,8336
B3_R2,Wanshouxigong,24,48,0.247915,8294
B3_R2,Wanshouxigong,24,72,0.19107,8272
B3_R2,Wanshouxigong,24,168,0.050978,8186
GRU_R1,Aotizhongxin,1,1,0.583724,8511
GRU_R1,Aotizhongxin,1,2,0.424485,8487
GRU_R1,Aotizhongxin,1,3,0.375686,8484
GRU_R1,Aotizhongxin,1,6,0.252473,8470
GRU_R1,Aotizhongxin,1,12,0.149199,8439
GRU_R1,Aotizhongxin,1,24,0.095768,8389
GRU_R1,Aotizhongxin,1,48,0.067699,8360
GRU_R1,Aotizhongxin,1,72,0.061825,8333
GRU_R1,Aotizhongxin,1,168,-0.008686,8242
GRU_R1,Aotizhongxin,6,1,0.870616,8511
GRU_R1,Aotizhongxin,6,2,0.677612,8487
GRU_R1,Aotizhongxin,6,3,0.483922,8484
GRU_R1,Aotizhongxin,6,6,-0.019893,8470
GRU_R1,Aotizhongxin,6,12,-0.019345,8439
GRU_R1,Aotizhongxin,6,24,0.042243,8389
GRU_R1,Aotizhongxin,6,48,0.067867,8360
GRU_R1,Aotizhongxin,6,72,0.069898,8333
GRU_R1,Aotizhongxin,6,168,0.016603,8242
GRU_R1,Aotizhongxin,12,1,0.926164,8511
GRU_R1,Aotizhongxin,12,2,0.815302,8487
GRU_R1,Aotizhongxin,12,3,0.703924,8484
GRU_R1,Aotizhongxin,12,6,0.382993,8470
GRU_R1,Aotizhongxin,12,12,-0.133477,8439
GRU_R1,Aotizhongxin,12,24,0.003778,8389
GRU_R1,Aotizhongxin,12,48,0.063773,8360
GRU_R1,Aotizhongxin,12,72,0.094029,8333
GRU_R1,Aotizhongxin,12,168,0.041015,8242
GRU_R1,Aotizhongxin,24,1,0.95331,8511
GRU_R1,Aotizhongxin,24,2,0.885586,8487
GRU_R1,Aotizhongxin,24,3,0.819178,8484
GRU_R1,Aotizhongxin,24,6,0.639877,8470
GRU_R1,Aotizhongxin,24,12,0.334363,8439
GRU_R1,Aotizhongxin,24,24,-0.254031,8389
GRU_R1,Aotizhongxin,24,48,-0.085883,8360
GRU_R1,Aotizhongxin,24,72,0.066589,8333
GRU_R1,Aotizhongxin,24,168,0.010193,8242
GRU_R1,Changping,1,1,0.509703,8568
GRU_R1,Changping,1,2,0.40703,8553
GRU_R1,Changping,1,3,0.372919,8549
GRU_R1,Changping,1,6,0.293105,8541
GRU_R1,Changping,1,12,0.180999,8528
GRU_R1,Changping,1,24,0.148282,8513
GRU_R1,Changping,1,48,0.119344,8486
GRU_R1,Changping,1,72,0.056989,8461
GRU_R1,Changping,1,168,0.04328,8369
GRU_R1,Changping,6,1,0.853068,8568
GRU_R1,Changping,6,2,0.658064,8553
GRU_R1,Changping,6,3,0.473613,8549
GRU_R1,Changping,6,6,0.010184,8541
GRU_R1,Changping,6,12,0.00653,8528
GRU_R1,Changping,6,24,0.070076,8513
GRU_R1,Changping,6,48,0.101019,8486
GRU_R1,Changping,6,72,0.059362,8461
GRU_R1,Changping,6,168,0.052193,8369
GRU_R1,Changping,12,1,0.912892,8568
GRU_R1,Changping,12,2,0.798879,8553
GRU_R1,Changping,12,3,0.687241,8549
GRU_R1,Changping,12,6,0.395928,8541
GRU_R1,Changping,12,12,-0.09907,8528
GRU_R1,Changping,12,24,0.008393,8513
GRU_R1,Changping,12,48,0.070795,8486
GRU_R1,Changping,12,72,0.058825,8461
GRU_R1,Changping,12,168,0.035728,8369
GRU_R1,Changping,24,1,0.942926,8568
GRU_R1,Changping,24,2,0.873617,8553
GRU_R1,Changping,24,3,0.808698,8549
GRU_R1,Changping,24,6,0.629519,8541
GRU_R1,Changping,24,12,0.330529,8528
GRU_R1,Changping,24,24,-0.222366,8513
GRU_R1,Changping,24,48,-0.057495,8486
GRU_R1,Changping,24,72,0.034923,8461
GRU_R1,Changping,24,168,-0.012578,8369
GRU_R1,Dingling,1,1,0.452723,8396
GRU_R1,Dingling,1,2,0.360281,8372
GRU_R1,Dingling,1,3,0.334254,8360
GRU_R1,Dingling,1,6,0.230831,8338
GRU_R1,Dingling,1,12,0.148735,8310
GRU_R1,Dingling,1,24,0.112935,8271
GRU_R1,Dingling,1,48,0.111581,8222
GRU_R1,Dingling,1,72,0.015678,8172
GRU_R1,Dingling,1,168,0.03793,8032
GRU_R1,Dingling,6,1,0.847717,8396
GRU_R1,Dingling,6,2,0.661149,8372
GRU_R1,Dingling,6,3,0.481728,8360
GRU_R1,Dingling,6,6,0.021989,8338
GRU_R1,Dingling,6,12,-0.040579,8310
GRU_R1,Dingling,6,24,0.058197,8271
GRU_R1,Dingling,6,48,0.10123,8222
GRU_R1,Dingling,6,72,0.027969,8172
GRU_R1,Dingling,6,168,0.055266,8032
GRU_R1,Dingling,12,1,0.914196,8396
GRU_R1,Dingling,12,2,0.808491,8372
GRU_R1,Dingling,12,3,0.706091,8360
GRU_R1,Dingling,12,6,0.402308,8338
GRU_R1,Dingling,12,12,-0.132728,8310
GRU_R1,Dingling,12,24,0.017619,8271
GRU_R1,Dingling,12,48,0.08588,8222
GRU_R1,Dingling,12,72,0.039946,8172
GRU_R1,Dingling,12,168,0.045732,8032
GRU_R1,Dingling,24,1,0.945679,8396
GRU_R1,Dingling,24,2,0.882888,8372
GRU_R1,Dingling,24,3,0.823429,8360
GRU_R1,Dingling,24,6,0.652422,8338
GRU_R1,Dingling,24,12,0.33842,8310
GRU_R1,Dingling,24,24,-0.235036,8271
GRU_R1,Dingling,24,48,-0.080371,8222
GRU_R1,Dingling,24,72,0.00655,8172
GRU_R1,Dingling,24,168,-0.024697,8032
GRU_R1,Dongsi,1,1,0.62181,8292
GRU_R1,Dongsi,1,2,0.480851,8256
GRU_R1,Dongsi,1,3,0.431256,8245
GRU_R1,Dongsi,1,6,0.300454,8207
GRU_R1,Dongsi,1,12,0.17618,8148
GRU_R1,Dongsi,1,24,0.159103,8073
GRU_R1,Dongsi,1,48,0.097124,7982
GRU_R1,Dongsi,1,72,0.082963,7962
GRU_R1,Dongsi,1,168,0.000219,7859
GRU_R1,Dongsi,6,1,0.87322,8292
GRU_R1,Dongsi,6,2,0.686068,8256
GRU_R1,Dongsi,6,3,0.500718,8245
GRU_R1,Dongsi,6,6,-0.012483,8207
GRU_R1,Dongsi,6,12,-0.014782,8148
GRU_R1,Dongsi,6,24,0.092408,8073
GRU_R1,Dongsi,6,48,0.095639,7982
GRU_R1,Dongsi,6,72,0.070091,7962
GRU_R1,Dongsi,6,168,0.032949,7859
GRU_R1,Dongsi,12,1,0.92343,8292
GRU_R1,Dongsi,12,2,0.813118,8256
GRU_R1,Dongsi,12,3,0.703053,8245
GRU_R1,Dongsi,12,6,0.372361,8207
GRU_R1,Dongsi,12,12,-0.140343,8148
GRU_R1,Dongsi,12,24,0.045778,8073
GRU_R1,Dongsi,12,48,0.0983,7982
GRU_R1,Dongsi,12,72,0.083468,7962
GRU_R1,Dongsi,12,168,0.054676,7859
GRU_R1,Dongsi,24,1,0.951403,8292
GRU_R1,Dongsi,24,2,0.881994,8256
GRU_R1,Dongsi,24,3,0.815801,8245
GRU_R1,Dongsi,24,6,0.626382,8207
GRU_R1,Dongsi,24,12,0.325718,8148
GRU_R1,Dongsi,24,24,-0.240817,8073
GRU_R1,Dongsi,24,48,-0.055548,7982
GRU_R1,Dongsi,24,72,0.038123,7962
GRU_R1,Dongsi,24,168,-0.006327,7859
GRU_R1,Guanyuan,1,1,0.573811,8506
GRU_R1,Guanyuan,1,2,0.424828,8482
GRU_R1,Guanyuan,1,3,0.385194,8471
GRU_R1,Guanyuan,1,6,0.277789,8448
GRU_R1,Guanyuan,1,12,0.18257,8418
GRU_R1,Guanyuan,1,24,0.131015,8388
GRU_R1,Guanyuan,1,48,0.07029,8348
GRU_R1,Guanyuan,1,72,0.048117,8323
GRU_R1,Guanyuan,1,168,-0.019612,8238
GRU_R1,Guanyuan,6,1,0.869388,8506
GRU_R1,Guanyuan,6,2,0.672394,8482
GRU_R1,Guanyuan,6,3,0.476482,8471
GRU_R1,Guanyuan,6,6,-0.032868,8448
GRU_R1,Guanyuan,6,12,-0.004969,8418
GRU_R1,Guanyuan,6,24,0.055833,8388
GRU_R1,Guanyuan,6,48,0.08029,8348
GRU_R1,Guanyuan,6,72,0.051525,8323
GRU_R1,Guanyuan,6,168,-0.005268,8238
GRU_R1,Guanyuan,12,1,0.923358,8506
GRU_R1,Guanyuan,12,2,0.808147,8482
GRU_R1,Guanyuan,12,3,0.693207,8471
GRU_R1,Guanyuan,12,6,0.374068,8448
GRU_R1,Guanyuan,12,12,-0.126496,8418
GRU_R1,Guanyuan,12,24,0.013108,8388
GRU_R1,Guanyuan,12,48,0.081544,8348
GRU_R1,Guanyuan,12,72,0.073196,8323
GRU_R1,Guanyuan,12,168,0.007243,8238
GRU_R1,Guanyuan,24,1,0.951266,8506
GRU_R1,Guanyuan,24,2,0.880489,8482
GRU_R1,Guanyuan,24,3,0.813103,8471
GRU_R1,Guanyuan,24,6,0.62709,8448
GRU_R1,Guanyuan,24,12,0.33213,8418
GRU_R1,Guanyuan,24,24,-0.235027,8388
GRU_R1,Guanyuan,24,48,-0.058161,8348
GRU_R1,Guanyuan,24,72,0.013827,8323
GRU_R1,Guanyuan,24,168,-0.027412,8238
GRU_R1,Gucheng,1,1,0.698149,8529
GRU_R1,Gucheng,1,2,0.562785,8504
GRU_R1,Gucheng,1,3,0.517848,8494
GRU_R1,Gucheng,1,6,0.396215,8479
GRU_R1,Gucheng,1,12,0.237488,8457
GRU_R1,Gucheng,1,24,0.236632,8432
GRU_R1,Gucheng,1,48,0.11574,8411
GRU_R1,Gucheng,1,72,0.141938,8383
GRU_R1,Gucheng,1,168,0.010731,8296
GRU_R1,Gucheng,6,1,0.879111,8529
GRU_R1,Gucheng,6,2,0.700008,8504
GRU_R1,Gucheng,6,3,0.526666,8494
GRU_R1,Gucheng,6,6,0.062058,8479
GRU_R1,Gucheng,6,12,0.00794,8457
GRU_R1,Gucheng,6,24,0.160852,8432
GRU_R1,Gucheng,6,48,0.104447,8411
GRU_R1,Gucheng,6,72,0.123769,8383
GRU_R1,Gucheng,6,168,0.046252,8296
GRU_R1,Gucheng,12,1,0.925856,8529
GRU_R1,Gucheng,12,2,0.81512,8504
GRU_R1,Gucheng,12,3,0.709691,8494
GRU_R1,Gucheng,12,6,0.398899,8479
GRU_R1,Gucheng,12,12,-0.100961,8457
GRU_R1,Gucheng,12,24,0.100391,8432
GRU_R1,Gucheng,12,48,0.06902,8411
GRU_R1,Gucheng,12,72,0.130669,8383
GRU_R1,Gucheng,12,168,0.052324,8296
GRU_R1,Gucheng,24,1,0.951489,8529
GRU_R1,Gucheng,24,2,0.882506,8504
GRU_R1,Gucheng,24,3,0.819616,8494
GRU_R1,Gucheng,24,6,0.644313,8479
GRU_R1,Gucheng,24,12,0.347207,8457
GRU_R1,Gucheng,24,24,-0.192361,8432
GRU_R1,Gucheng,24,48,-0.115747,8411
GRU_R1,Gucheng,24,72,0.086408,8383
GRU_R1,Gucheng,24,168,0.024973,8296
GRU_R1,Huairou,1,1,0.551233,8556
GRU_R1,Huairou,1,2,0.398697,8541
GRU_R1,Huairou,1,3,0.379345,8539
GRU_R1,Huairou,1,6,0.268531,8522
GRU_R1,Huairou,1,12,0.180059,8499
GRU_R1,Huairou,1,24,0.157704,8461
GRU_R1,Huairou,1,48,0.132883,8436
GRU_R1,Huairou,1,72,0.077729,8413
GRU_R1,Huairou,1,168,0.054857,8317
GRU_R1,Huairou,6,1,0.855526,8556
GRU_R1,Huairou,6,2,0.676981,8541
GRU_R1,Huairou,6,3,0.507892,8539
GRU_R1,Huairou,6,6,0.063317,8522
GRU_R1,Huairou,6,12,0.039982,8499
GRU_R1,Huairou,6,24,0.071829,8461
GRU_R1,Huairou,6,48,0.087019,8436
GRU_R1,Huairou,6,72,0.051345,8413
GRU_R1,Huairou,6,168,0.015604,8317
GRU_R1,Huairou,12,1,0.916775,8556
GRU_R1,Huairou,12,2,0.810639,8541
GRU_R1,Huairou,12,3,0.713237,8539
GRU_R1,Huairou,12,6,0.435096,8522
GRU_R1,Huairou,12,12,-0.056384,8499
GRU_R1,Huairou,12,24,0.022037,8461
GRU_R1,Huairou,12,48,0.031541,8436
GRU_R1,Huairou,12,72,0.055284,8413
GRU_R1,Huairou,12,168,0.005055,8317
GRU_R1,Huairou,24,1,0.947473,8556
GRU_R1,Huairou,24,2,0.881959,8541
GRU_R1,Huairou,24,3,0.822275,8539
GRU_R1,Huairou,24,6,0.654111,8522
GRU_R1,Huairou,24,12,0.339766,8499
GRU_R1,Huairou,24,24,-0.190143,8461
GRU_R1,Huairou,24,48,-0.104966,8436
GRU_R1,Huairou,24,72,0.043975,8413
GRU_R1,Huairou,24,168,-0.022872,8317
GRU_R1,Nongzhanguan,1,1,0.631602,8538
GRU_R1,Nongzhanguan,1,2,0.491289,8511
GRU_R1,Nongzhanguan,1,3,0.43624,8506
GRU_R1,Nongzhanguan,1,6,0.271958,8487
GRU_R1,Nongzhanguan,1,12,0.15847,8479
GRU_R1,Nongzhanguan,1,24,0.125461,8463
GRU_R1,Nongzhanguan,1,48,0.105416,8442
GRU_R1,Nongzhanguan,1,72,0.078479,8413
GRU_R1,Nongzhanguan,1,168,0.013582,8320
GRU_R1,Nongzhanguan,6,1,0.879396,8538
GRU_R1,Nongzhanguan,6,2,0.695708,8511
GRU_R1,Nongzhanguan,6,3,0.504885,8506
GRU_R1,Nongzhanguan,6,6,-0.0183,8487
GRU_R1,Nongzhanguan,6,12,-0.016908,8479
GRU_R1,Nongzhanguan,6,24,0.083155,8463
GRU_R1,Nongzhanguan,6,48,0.096883,8442
GRU_R1,Nongzhanguan,6,72,0.065605,8413
GRU_R1,Nongzhanguan,6,168,0.038686,8320
GRU_R1,Nongzhanguan,12,1,0.929404,8538
GRU_R1,Nongzhanguan,12,2,0.824191,8511
GRU_R1,Nongzhanguan,12,3,0.713624,8506
GRU_R1,Nongzhanguan,12,6,0.371125,8487
GRU_R1,Nongzhanguan,12,12,-0.146352,8479
GRU_R1,Nongzhanguan,12,24,0.030369,8463
GRU_R1,Nongzhanguan,12,48,0.078993,8442
GRU_R1,Nongzhanguan,12,72,0.092973,8413
GRU_R1,Nongzhanguan,12,168,0.055435,8320
GRU_R1,Nongzhanguan,24,1,0.953972,8538
GRU_R1,Nongzhanguan,24,2,0.887199,8511
GRU_R1,Nongzhanguan,24,3,0.821524,8506
GRU_R1,Nongzhanguan,24,6,0.628499,8487
GRU_R1,Nongzhanguan,24,12,0.32035,8479
GRU_R1,Nongzhanguan,24,24,-0.250192,8463
GRU_R1,Nongzhanguan,24,48,-0.064603,8442
GRU_R1,Nongzhanguan,24,72,0.061308,8413
GRU_R1,Nongzhanguan,24,168,0.009364,8320
GRU_R1,Shunyi,1,1,0.593861,8319
GRU_R1,Shunyi,1,2,0.482398,8288
GRU_R1,Shunyi,1,3,0.408911,8275
GRU_R1,Shunyi,1,6,0.251414,8233
GRU_R1,Shunyi,1,12,0.133246,8189
GRU_R1,Shunyi,1,24,0.119577,8138
GRU_R1,Shunyi,1,48,0.119265,8080
GRU_R1,Shunyi,1,72,0.078828,8057
GRU_R1,Shunyi,1,168,0.050739,7964
GRU_R1,Shunyi,6,1,0.872419,8319
GRU_R1,Shunyi,6,2,0.694667,8288
GRU_R1,Shunyi,6,3,0.504874,8275
GRU_R1,Shunyi,6,6,-0.007157,8233
GRU_R1,Shunyi,6,12,-0.057494,8189
GRU_R1,Shunyi,6,24,0.129073,8138
GRU_R1,Shunyi,6,48,0.122591,8080
GRU_R1,Shunyi,6,72,0.087221,8057
GRU_R1,Shunyi,6,168,0.080621,7964
GRU_R1,Shunyi,12,1,0.927647,8319
GRU_R1,Shunyi,12,2,0.822701,8288
GRU_R1,Shunyi,12,3,0.705938,8275
GRU_R1,Shunyi,12,6,0.350138,8233
GRU_R1,Shunyi,12,12,-0.203197,8189
GRU_R1,Shunyi,12,24,0.075224,8138
GRU_R1,Shunyi,12,48,0.085052,8080
GRU_R1,Shunyi,12,72,0.099139,8057
GRU_R1,Shunyi,12,168,0.079372,7964
GRU_R1,Shunyi,24,1,0.950951,8319
GRU_R1,Shunyi,24,2,0.883706,8288
GRU_R1,Shunyi,24,3,0.813119,8275
GRU_R1,Shunyi,24,6,0.617648,8233
GRU_R1,Shunyi,24,12,0.288427,8189
GRU_R1,Shunyi,24,24,-0.252222,8138
GRU_R1,Shunyi,24,48,-0.06159,8080
GRU_R1,Shunyi,24,72,0.066262,8057
GRU_R1,Shunyi,24,168,0.017637,7964
GRU_R1,Tiantan,1,1,0.61766,8558
GRU_R1,Tiantan,1,2,0.465806,8534
GRU_R1,Tiantan,1,3,0.402208,8522
GRU_R1,Tiantan,1,6,0.282335,8506
GRU_R1,Tiantan,1,12,0.199373,8487
GRU_R1,Tiantan,1,24,0.129641,8462
GRU_R1,Tiantan,1,48,0.093011,8441
GRU_R1,Tiantan,1,72,0.065353,8416
GRU_R1,Tiantan,1,168,-0.007345,8324
GRU_R1,Tiantan,6,1,0.870659,8558
GRU_R1,Tiantan,6,2,0.674747,8534
GRU_R1,Tiantan,6,3,0.478129,8522
GRU_R1,Tiantan,6,6,-0.011179,8506
GRU_R1,Tiantan,6,12,0.022359,8487
GRU_R1,Tiantan,6,24,0.061391,8462
GRU_R1,Tiantan,6,48,0.088757,8441
GRU_R1,Tiantan,6,72,0.044474,8416
GRU_R1,Tiantan,6,168,0.013216,8324
GRU_R1,Tiantan,12,1,0.926074,8558
GRU_R1,Tiantan,12,2,0.814081,8534
GRU_R1,Tiantan,12,3,0.699318,8522
GRU_R1,Tiantan,12,6,0.386501,8506
GRU_R1,Tiantan,12,12,-0.093878,8487
GRU_R1,Tiantan,12,24,-0.000488,8462
GRU_R1,Tiantan,12,48,0.066782,8441
GRU_R1,Tiantan,12,72,0.068437,8416
GRU_R1,Tiantan,12,168,0.038843,8324
GRU_R1,Tiantan,24,1,0.952803,8558
GRU_R1,Tiantan,24,2,0.883297,8534
GRU_R1,Tiantan,24,3,0.814702,8522
GRU_R1,Tiantan,24,6,0.631211,8506
GRU_R1,Tiantan,24,12,0.333311,8487
GRU_R1,Tiantan,24,24,-0.243038,8462
GRU_R1,Tiantan,24,48,-0.053278,8441
GRU_R1,Tiantan,24,72,0.049714,8416
GRU_R1,Tiantan,24,168,0.004508,8324
GRU_R1,Wanliu,1,1,0.564284,8583
GRU_R1,Wanliu,1,2,0.392968,8567
GRU_R1,Wanliu,1,3,0.362866,8563
GRU_R1,Wanliu,1,6,0.267665,8549
GRU_R1,Wanliu,1,12,0.190747,8536
GRU_R1,Wanliu,1,24,0.130725,8518
GRU_R1,Wanliu,1,48,0.06318,8491
GRU_R1,Wanliu,1,72,0.066294,8466
GRU_R1,Wanliu,1,168,-0.00507,8375
GRU_R1,Wanliu,6,1,0.865985,8583
GRU_R1,Wanliu,6,2,0.665875,8567
GRU_R1,Wanliu,6,3,0.471403,8563
GRU_R1,Wanliu,6,6,-0.044929,8549
GRU_R1,Wanliu,6,12,0.028673,8536
GRU_R1,Wanliu,6,24,0.08594,8518
GRU_R1,Wanliu,6,48,0.048949,8491
GRU_R1,Wanliu,6,72,0.056541,8466
GRU_R1,Wanliu,6,168,0.033752,8375
GRU_R1,Wanliu,12,1,0.923984,8583
GRU_R1,Wanliu,12,2,0.812689,8567
GRU_R1,Wanliu,12,3,0.705018,8563
GRU_R1,Wanliu,12,6,0.395694,8549
GRU_R1,Wanliu,12,12,-0.099775,8536
GRU_R1,Wanliu,12,24,0.02182,8518
GRU_R1,Wanliu,12,48,0.057157,8491
GRU_R1,Wanliu,12,72,0.087852,8466
GRU_R1,Wanliu,12,168,0.040563,8375
GRU_R1,Wanliu,24,1,0.952242,8583
GRU_R1,Wanliu,24,2,0.883705,8567
GRU_R1,Wanliu,24,3,0.819473,8563
GRU_R1,Wanliu,24,6,0.640642,8549
GRU_R1,Wanliu,24,12,0.348398,8536
GRU_R1,Wanliu,24,24,-0.231839,8518
GRU_R1,Wanliu,24,48,-0.084672,8491
GRU_R1,Wanliu,24,72,0.06613,8466
GRU_R1,Wanliu,24,168,0.012893,8375
GRU_R1,Wanshouxigong,1,1,0.600881,8468
GRU_R1,Wanshouxigong,1,2,0.485181,8447
GRU_R1,Wanshouxigong,1,3,0.457814,8443
GRU_R1,Wanshouxigong,1,6,0.333072,8422
GRU_R1,Wanshouxigong,1,12,0.203063,8382
GRU_R1,Wanshouxigong,1,24,0.146266,8336
GRU_R1,Wanshouxigong,1,48,0.108463,8294
GRU_R1,Wanshouxigong,1,72,0.078252,8272
GRU_R1,Wanshouxigong,1,168,-0.009808,8186
GRU_R1,Wanshouxigong,6,1,0.859311,8468
GRU_R1,Wanshouxigong,6,2,0.672762,8447
GRU_R1,Wanshouxigong,6,3,0.495924,8443
GRU_R1,Wanshouxigong,6,6,0.017524,8422
GRU_R1,Wanshouxigong,6,12,0.02019,8382
GRU_R1,Wanshouxigong,6,24,0.078954,8336
GRU_R1,Wanshouxigong,6,48,0.090932,8294
GRU_R1,Wanshouxigong,6,72,0.052393,8272
GRU_R1,Wanshouxigong,6,168,0.02995,8186
GRU_R1,Wanshouxigong,12,1,0.916221,8468
GRU_R1,Wanshouxigong,12,2,0.804978,8447
GRU_R1,Wanshouxigong,12,3,0.699129,8443
GRU_R1,Wanshouxigong,12,6,0.389409,8422
GRU_R1,Wanshouxigong,12,12,-0.106896,8382
GRU_R1,Wanshouxigong,12,24,0.014577,8336
GRU_R1,Wanshouxigong,12,48,0.081756,8294
GRU_R1,Wanshouxigong,12,72,0.067017,8272
GRU_R1,Wanshouxigong,12,168,0.058136,8186
GRU_R1,Wanshouxigong,24,1,0.945916,8468
GRU_R1,Wanshouxigong,24,2,0.876201,8447
GRU_R1,Wanshouxigong,24,3,0.811193,8443
GRU_R1,Wanshouxigong,24,6,0.627905,8422
GRU_R1,Wanshouxigong,24,12,0.32158,8382
GRU_R1,Wanshouxigong,24,24,-0.23786,8336
GRU_R1,Wanshouxigong,24,48,-0.036286,8294
GRU_R1,Wanshouxigong,24,72,0.043741,8272
GRU_R1,Wanshouxigong,24,168,0.015052,8186
B0,Aotizhongxin,1,1,0.282836,8511
B0,Aotizhongxin,1,2,0.002568,8487
B0,Aotizhongxin,1,3,-0.03078,8484
B0,Aotizhongxin,1,6,-0.056328,8470
B0,Aotizhongxin,1,12,-0.024986,8439
B0,Aotizhongxin,1,24,0.023418,8389
B0,Aotizhongxin,1,48,0.026845,8360
B0,Aotizhongxin,1,72,0.02449,8333
B0,Aotizhongxin,1,168,0.0279,8242
B0,Aotizhongxin,6,1,0.875712,8511
B0,Aotizhongxin,6,2,0.676252,8487
B0,Aotizhongxin,6,3,0.468017,8484
B0,Aotizhongxin,6,6,-0.122655,8470
B0,Aotizhongxin,6,12,-0.132255,8439
B0,Aotizhongxin,6,24,0.050264,8389
B0,Aotizhongxin,6,48,0.052276,8360
B0,Aotizhongxin,6,72,0.075433,8333
B0,Aotizhongxin,6,168,0.072517,8242
B0,Aotizhongxin,12,1,0.93124,8511
B0,Aotizhongxin,12,2,0.820901,8487
B0,Aotizhongxin,12,3,0.7058,8484
B0,Aotizhongxin,12,6,0.354472,8470
B0,Aotizhongxin,12,12,-0.244308,8439
B0,Aotizhongxin,12,24,-0.000236,8389
B0,Aotizhongxin,12,48,0.04506,8360
B0,Aotizhongxin,12,72,0.090244,8333
B0,Aotizhongxin,12,168,0.089281,8242
B0,Aotizhongxin,24,1,0.956023,8511
B0,Aotizhongxin,24,2,0.889074,8487
B0,Aotizhongxin,24,3,0.82186,8484
B0,Aotizhongxin,24,6,0.641731,8470
B0,Aotizhongxin,24,12,0.339404,8439
B0,Aotizhongxin,24,24,-0.302502,8389
B0,Aotizhongxin,24,48,-0.150186,8360
B0,Aotizhongxin,24,72,0.005874,8333
B0,Aotizhongxin,24,168,0.021747,8242
B0,Changping,1,1,0.159188,8568
B0,Changping,1,2,-0.041026,8553
B0,Changping,1,3,-0.033535,8549
B0,Changping,1,6,-0.021355,8541
B0,Changping,1,12,-0.021133,8528
B0,Changping,1,24,0.013271,8513
B0,Changping,1,48,0.038763,8486
B0,Changping,1,72,0.016586,8461
B0,Changping,1,168,0.031154,8369
B0,Changping,6,1,0.849324,8568
B0,Changping,6,2,0.637957,8553
B0,Changping,6,3,0.432327,8549
B0,Changping,6,6,-0.126137,8541
B0,Changping,6,12,-0.085033,8528
B0,Changping,6,24,0.007665,8513
B0,Changping,6,48,0.052381,8486
B0,Changping,6,72,0.028774,8461
B0,Changping,6,168,0.045842,8369
B0,Changping,12,1,0.913664,8568
B0,Changping,12,2,0.795119,8553
B0,Changping,12,3,0.680733,8549
B0,Changping,12,6,0.381304,8541
B0,Changping,12,12,-0.207074,8528
B0,Changping,12,24,-0.064701,8513
B0,Changping,12,48,0.0026,8486
B0,Changping,12,72,0.021028,8461
B0,Changping,12,168,0.02223,8369
B0,Changping,24,1,0.947254,8568
B0,Changping,24,2,0.879305,8553
B0,Changping,24,3,0.815531,8549
B0,Changping,24,6,0.640985,8541
B0,Changping,24,12,0.329515,8528
B0,Changping,24,24,-0.292322,8513
B0,Changping,24,48,-0.137023,8486
B0,Changping,24,72,-0.039297,8461
B0,Changping,24,168,-0.003564,8369
B0,Dingling,1,1,0.118018,8396
B0,Dingling,1,2,-0.027125,8372
B0,Dingling,1,3,-0.001181,8360
B0,Dingling,1,6,-0.032379,8338
B0,Dingling,1,12,-0.015169,8310
B0,Dingling,1,24,0.025477,8271
B0,Dingling,1,48,0.027857,8222
B0,Dingling,1,72,-0.007158,8172
B0,Dingling,1,168,0.020513,8032
B0,Dingling,6,1,0.843966,8396
B0,Dingling,6,2,0.647515,8372
B0,Dingling,6,3,0.457623,8360
B0,Dingling,6,6,-0.076275,8338
B0,Dingling,6,12,-0.109391,8310
B0,Dingling,6,24,0.023457,8271
B0,Dingling,6,48,0.053417,8222
B0,Dingling,6,72,0.006287,8172
B0,Dingling,6,168,0.041288,8032
B0,Dingling,12,1,0.918152,8396
B0,Dingling,12,2,0.812283,8372
B0,Dingling,12,3,0.70806,8360
B0,Dingling,12,6,0.40123,8338
B0,Dingling,12,12,-0.197065,8310
B0,Dingling,12,24,-0.041832,8271
B0,Dingling,12,48,0.019143,8222
B0,Dingling,12,72,0.007079,8172
B0,Dingling,12,168,0.029319,8032
B0,Dingling,24,1,0.950641,8396
B0,Dingling,24,2,0.890652,8372
B0,Dingling,24,3,0.832782,8360
B0,Dingling,24,6,0.671312,8338
B0,Dingling,24,12,0.353251,8310
B0,Dingling,24,24,-0.286744,8271
B0,Dingling,24,48,-0.147646,8222
B0,Dingling,24,72,-0.063101,8172
B0,Dingling,24,168,-0.014076,8032
B0,Dongsi,1,1,0.257197,8292
B0,Dongsi,1,2,0.005011,8256
B0,Dongsi,1,3,-0.010574,8245
B0,Dongsi,1,6,-0.038188,8207
B0,Dongsi,1,12,-0.021002,8148
B0,Dongsi,1,24,0.049311,8073
B0,Dongsi,1,48,0.025215,7982
B0,Dongsi,1,72,0.018976,7962
B0,Dongsi,1,168,0.037085,7859
B0,Dongsi,6,1,0.876089,8292
B0,Dongsi,6,2,0.680492,8256
B0,Dongsi,6,3,0.474536,8245
B0,Dongsi,6,6,-0.140708,8207
B0,Dongsi,6,12,-0.165266,8148
B0,Dongsi,6,24,0.072739,8073
B0,Dongsi,6,48,0.076613,7982
B0,Dongsi,6,72,0.061531,7962
B0,Dongsi,6,168,0.084807,7859
B0,Dongsi,12,1,0.928145,8292
B0,Dongsi,12,2,0.817025,8256
B0,Dongsi,12,3,0.69934,8245
B0,Dongsi,12,6,0.323386,8207
B0,Dongsi,12,12,-0.285596,8148
B0,Dongsi,12,24,0.032646,8073
B0,Dongsi,12,48,0.077607,7982
B0,Dongsi,12,72,0.07369,7962
B0,Dongsi,12,168,0.10588,7859
B0,Dongsi,24,1,0.95384,8292
B0,Dongsi,24,2,0.884965,8256
B0,Dongsi,24,3,0.817172,8245
B0,Dongsi,24,6,0.62235,8207
B0,Dongsi,24,12,0.321101,8148
B0,Dongsi,24,24,-0.31125,8073
B0,Dongsi,24,48,-0.123334,7982
B0,Dongsi,24,72,-0.029482,7962
B0,Dongsi,24,168,0.012216,7859
B0,Guanyuan,1,1,0.259209,8506
B0,Guanyuan,1,2,0.004758,8482
B0,Guanyuan,1,3,-0.026959,8471
B0,Guanyuan,1,6,-0.056096,8448
B0,Guanyuan,1,12,-0.043328,8418
B0,Guanyuan,1,24,0.022737,8388
B0,Guanyuan,1,48,0.022901,8348
B0,Guanyuan,1,72,0.018781,8323
B0,Guanyuan,1,168,0.020474,8238
B0,Guanyuan,6,1,0.871959,8506
B0,Guanyuan,6,2,0.667992,8482
B0,Guanyuan,6,3,0.456066,8471
B0,Guanyuan,6,6,-0.14339,8448
B0,Guanyuan,6,12,-0.129863,8418
B0,Guanyuan,6,24,0.033787,8388
B0,Guanyuan,6,48,0.055103,8348
B0,Guanyuan,6,72,0.049632,8323
B0,Guanyuan,6,168,0.044917,8238
B0,Guanyuan,12,1,0.925841,8506
B0,Guanyuan,12,2,0.809645,8482
B0,Guanyuan,12,3,0.689465,8471
B0,Guanyuan,12,6,0.343479,8448
B0,Guanyuan,12,12,-0.243305,8418
B0,Guanyuan,12,24,-0.00687,8388
B0,Guanyuan,12,48,0.052602,8348
B0,Guanyuan,12,72,0.056539,8323
B0,Guanyuan,12,168,0.054738,8238
B0,Guanyuan,24,1,0.952937,8506
B0,Guanyuan,24,2,0.882198,8482
B0,Guanyuan,24,3,0.813539,8471
B0,Guanyuan,24,6,0.627492,8448
B0,Guanyuan,24,12,0.335014,8418
B0,Guanyuan,24,24,-0.284407,8388
B0,Guanyuan,24,48,-0.127567,8348
B0,Guanyuan,24,72,-0.064402,8323
B0,Guanyuan,24,168,-0.008577,8238
B0,Gucheng,1,1,0.257181,8529
B0,Gucheng,1,2,-0.04587,8504
B0,Gucheng,1,3,-0.035417,8494
B0,Gucheng,1,6,-0.031267,8479
B0,Gucheng,1,12,-0.046011,8457
B0,Gucheng,1,24,0.04714,8432
B0,Gucheng,1,48,0.033609,8411
B0,Gucheng,1,72,0.032585,8383
B0,Gucheng,1,168,0.027958,8296
B0,Gucheng,6,1,0.872416,8529
B0,Gucheng,6,2,0.673855,8504
B0,Gucheng,6,3,0.476991,8494
B0,Gucheng,6,6,-0.111586,8479
B0,Gucheng,6,12,-0.181888,8457
B0,Gucheng,6,24,0.113442,8432
B0,Gucheng,6,48,0.076964,8411
B0,Gucheng,6,72,0.113513,8383
B0,Gucheng,6,168,0.086078,8296
B0,Gucheng,12,1,0.926699,8529
B0,Gucheng,12,2,0.809128,8504
B0,Gucheng,12,3,0.694328,8494
B0,Gucheng,12,6,0.335728,8479
B0,Gucheng,12,12,-0.277186,8457
B0,Gucheng,12,24,0.075637,8432
B0,Gucheng,12,48,0.041171,8411
B0,Gucheng,12,72,0.132869,8383
B0,Gucheng,12,168,0.091003,8296
B0,Gucheng,24,1,0.953869,8529
B0,Gucheng,24,2,0.88611,8504
B0,Gucheng,24,3,0.825411,8494
B0,Gucheng,24,6,0.654905,8479
B0,Gucheng,24,12,0.361059,8457
B0,Gucheng,24,24,-0.261406,8432
B0,Gucheng,24,48,-0.219222,8411
B0,Gucheng,24,72,0.029135,8383
B0,Gucheng,24,168,0.030242,8296
B0,Huairou,1,1,0.145708,8556
B0,Huairou,1,2,-0.055371,8541
B0,Huairou,1,3,-0.010885,8539
B0,Huairou,1,6,-0.028838,8522
B0,Huairou,1,12,-0.018045,8499
B0,Huairou,1,24,0.056704,8461
B0,Huairou,1,48,0.038228,8436
B0,Huairou,1,72,0.045272,8413
B0,Huairou,1,168,0.036959,8317
B0,Huairou,6,1,0.849251,8556
B0,Huairou,6,2,0.657559,8541
B0,Huairou,6,3,0.465344,8539
B0,Huairou,6,6,-0.102069,8522
B0,Huairou,6,12,-0.115221,8499
B0,Huairou,6,24,0.065174,8461
B0,Huairou,6,48,0.080092,8436
B0,Huairou,6,72,0.078992,8413
B0,Huairou,6,168,0.060845,8317
B0,Huairou,12,1,0.916667,8556
B0,Huairou,12,2,0.806976,8541
B0,Huairou,12,3,0.703286,8539
B0,Huairou,12,6,0.379809,8522
B0,Huairou,12,12,-0.23217,8499
B0,Huairou,12,24,-0.014773,8461
B0,Huairou,12,48,0.02357,8436
B0,Huairou,12,72,0.069224,8413
B0,Huairou,12,168,0.038534,8317
B0,Huairou,24,1,0.950018,8556
B0,Huairou,24,2,0.887725,8541
B0,Huairou,24,3,0.830683,8539
B0,Huairou,24,6,0.662802,8522
B0,Huairou,24,12,0.338977,8499
B0,Huairou,24,24,-0.280959,8461
B0,Huairou,24,48,-0.170248,8436
B0,Huairou,24,72,-0.020883,8413
B0,Huairou,24,168,-0.024504,8317
B0,Nongzhanguan,1,1,0.272914,8538
B0,Nongzhanguan,1,2,0.039383,8511
B0,Nongzhanguan,1,3,0.026298,8506
B0,Nongzhanguan,1,6,-0.056822,8487
B0,Nongzhanguan,1,12,-0.034473,8479
B0,Nongzhanguan,1,24,0.032982,8463
B0,Nongzhanguan,1,48,0.03471,8442
B0,Nongzhanguan,1,72,0.024338,8413
B0,Nongzhanguan,1,168,0.021754,8320
B0,Nongzhanguan,6,1,0.882568,8538
B0,Nongzhanguan,6,2,0.692699,8511
B0,Nongzhanguan,6,3,0.481454,8506
B0,Nongzhanguan,6,6,-0.144816,8487
B0,Nongzhanguan,6,12,-0.147837,8479
B0,Nongzhanguan,6,24,0.077461,8463
B0,Nongzhanguan,6,48,0.069182,8442
B0,Nongzhanguan,6,72,0.06324,8413
B0,Nongzhanguan,6,168,0.075556,8320
B0,Nongzhanguan,12,1,0.932764,8538
B0,Nongzhanguan,12,2,0.828427,8511
B0,Nongzhanguan,12,3,0.713626,8506
B0,Nongzhanguan,12,6,0.333428,8487
B0,Nongzhanguan,12,12,-0.278445,8479
B0,Nongzhanguan,12,24,0.020101,8463
B0,Nongzhanguan,12,48,0.055909,8442
B0,Nongzhanguan,12,72,0.082104,8413
B0,Nongzhanguan,12,168,0.098542,8320
B0,Nongzhanguan,24,1,0.956,8538
B0,Nongzhanguan,24,2,0.889724,8511
B0,Nongzhanguan,24,3,0.823207,8506
B0,Nongzhanguan,24,6,0.626533,8487
B0,Nongzhanguan,24,12,0.316921,8479
B0,Nongzhanguan,24,24,-0.314747,8463
B0,Nongzhanguan,24,48,-0.124771,8442
B0,Nongzhanguan,24,72,-0.006305,8413
B0,Nongzhanguan,24,168,0.030682,8320
B0,Shunyi,1,1,0.250721,8319
B0,Shunyi,1,2,0.057477,8288
B0,Shunyi,1,3,0.007796,8275
B0,Shunyi,1,6,-0.066476,8233
B0,Shunyi,1,12,-0.039051,8189
B0,Shunyi,1,24,0.032549,8138
B0,Shunyi,1,48,0.045152,8080
B0,Shunyi,1,72,0.033478,8057
B0,Shunyi,1,168,0.033203,7964
B0,Shunyi,6,1,0.878968,8319
B0,Shunyi,6,2,0.692481,8288
B0,Shunyi,6,3,0.484422,8275
B0,Shunyi,6,6,-0.129608,8233
B0,Shunyi,6,12,-0.200913,8189
B0,Shunyi,6,24,0.145094,8138
B0,Shunyi,6,48,0.131577,8080
B0,Shunyi,6,72,0.114901,8057
B0,Shunyi,6,168,0.136913,7964
B0,Shunyi,12,1,0.931879,8319
B0,Shunyi,12,2,0.826096,8288
B0,Shunyi,12,3,0.704111,8275
B0,Shunyi,12,6,0.30956,8233
B0,Shunyi,12,12,-0.347162,8189
B0,Shunyi,12,24,0.07187,8138
B0,Shunyi,12,48,0.097493,8080
B0,Shunyi,12,72,0.119016,8057
B0,Shunyi,12,168,0.13284,7964
B0,Shunyi,24,1,0.951763,8319
B0,Shunyi,24,2,0.885171,8288
B0,Shunyi,24,3,0.817256,8275
B0,Shunyi,24,6,0.625292,8233
B0,Shunyi,24,12,0.296065,8189
B0,Shunyi,24,24,-0.330273,8138
B0,Shunyi,24,48,-0.113765,8080
B0,Shunyi,24,72,0.006518,8057
B0,Shunyi,24,168,0.02034,7964
B0,Tiantan,1,1,0.289727,8558
B0,Tiantan,1,2,0.007076,8534
B0,Tiantan,1,3,-0.044738,8522
B0,Tiantan,1,6,-0.065681,8506
B0,Tiantan,1,12,-0.000579,8487
B0,Tiantan,1,24,0.031708,8462
B0,Tiantan,1,48,0.023519,8441
B0,Tiantan,1,72,0.003027,8416
B0,Tiantan,1,168,0.005631,8324
B0,Tiantan,6,1,0.872274,8558
B0,Tiantan,6,2,0.663685,8534
B0,Tiantan,6,3,0.44255,8522
B0,Tiantan,6,6,-0.150637,8506
B0,Tiantan,6,12,-0.087593,8487
B0,Tiantan,6,24,0.018055,8462
B0,Tiantan,6,48,0.039697,8441
B0,Tiantan,6,72,0.019362,8416
B0,Tiantan,6,168,0.041966,8324
B0,Tiantan,12,1,0.929047,8558
B0,Tiantan,12,2,0.815306,8534
B0,Tiantan,12,3,0.696016,8522
B0,Tiantan,12,6,0.36153,8506
B0,Tiantan,12,12,-0.215801,8487
B0,Tiantan,12,24,-0.04823,8462
B0,Tiantan,12,48,0.013449,8441
B0,Tiantan,12,72,0.034642,8416
B0,Tiantan,12,168,0.06773,8324
B0,Tiantan,24,1,0.955847,8558
B0,Tiantan,24,2,0.886174,8534
B0,Tiantan,24,3,0.815245,8522
B0,Tiantan,24,6,0.630435,8506
B0,Tiantan,24,12,0.330948,8487
B0,Tiantan,24,24,-0.302974,8462
B0,Tiantan,24,48,-0.126669,8441
B0,Tiantan,24,72,-0.021175,8416
B0,Tiantan,24,168,0.020228,8324
B0,Wanliu,1,1,0.262329,8583
B0,Wanliu,1,2,-0.023814,8567
B0,Wanliu,1,3,-0.033195,8563
B0,Wanliu,1,6,-0.092291,8549
B0,Wanliu,1,12,-0.022603,8536
B0,Wanliu,1,24,0.032083,8518
B0,Wanliu,1,48,0.00723,8491
B0,Wanliu,1,72,0.000522,8466
B0,Wanliu,1,168,0.016722,8375
B0,Wanliu,6,1,0.866912,8583
B0,Wanliu,6,2,0.657038,8567
B0,Wanliu,6,3,0.448717,8563
B0,Wanliu,6,6,-0.146578,8549
B0,Wanliu,6,12,-0.087591,8536
B0,Wanliu,6,24,0.060946,8518
B0,Wanliu,6,48,0.022596,8491
B0,Wanliu,6,72,0.041622,8466
B0,Wanliu,6,168,0.065171,8375
B0,Wanliu,12,1,0.926673,8583
B0,Wanliu,12,2,0.813461,8567
B0,Wanliu,12,3,0.700725,8563
B0,Wanliu,12,6,0.36419,8549
B0,Wanliu,12,12,-0.216941,8536
B0,Wanliu,12,24,-0.01217,8518
B0,Wanliu,12,48,0.025581,8491
B0,Wanliu,12,72,0.073264,8466
B0,Wanliu,12,168,0.0765,8375
B0,Wanliu,24,1,0.955847,8583
B0,Wanliu,24,2,0.889841,8567
B0,Wanliu,24,3,0.827115,8563
B0,Wanliu,24,6,0.65123,8549
B0,Wanliu,24,12,0.35621,8536
B0,Wanliu,24,24,-0.282829,8518
B0,Wanliu,24,48,-0.160299,8491
B0,Wanliu,24,72,-0.007686,8466
B0,Wanliu,24,168,0.024805,8375
B0,Wanshouxigong,1,1,0.162354,8468
B0,Wanshouxigong,1,2,-0.042499,8447
B0,Wanshouxigong,1,3,-0.03276,8443
B0,Wanshouxigong,1,6,-0.032893,8422
B0,Wanshouxigong,1,12,-0.018725,8382
B0,Wanshouxigong,1,24,0.036951,8336
B0,Wanshouxigong,1,48,0.022487,8294
B0,Wanshouxigong,1,72,0.00808,8272
B0,Wanshouxigong,1,168,0.001287,8186
B0,Wanshouxigong,6,1,0.854456,8468
B0,Wanshouxigong,6,2,0.652966,8447
B0,Wanshouxigong,6,3,0.454891,8443
B0,Wanshouxigong,6,6,-0.138764,8422
B0,Wanshouxigong,6,12,-0.134318,8382
B0,Wanshouxigong,6,24,0.039302,8336
B0,Wanshouxigong,6,48,0.048444,8294
B0,Wanshouxigong,6,72,0.028344,8272
B0,Wanshouxigong,6,168,0.075904,8186
B0,Wanshouxigong,12,1,0.916406,8468
B0,Wanshouxigong,12,2,0.8007,8447
B0,Wanshouxigong,12,3,0.687491,8443
B0,Wanshouxigong,12,6,0.341344,8422
B0,Wanshouxigong,12,12,-0.262299,8382
B0,Wanshouxigong,12,24,-0.022731,8336
B0,Wanshouxigong,12,48,0.037523,8294
B0,Wanshouxigong,12,72,0.040607,8272
B0,Wanshouxigong,12,168,0.103303,8186
B0,Wanshouxigong,24,1,0.94623,8468
B0,Wanshouxigong,24,2,0.876486,8447
B0,Wanshouxigong,24,3,0.809232,8443
B0,Wanshouxigong,24,6,0.621948,8422
B0,Wanshouxigong,24,12,0.307104,8382
B0,Wanshouxigong,24,24,-0.31524,8336
B0,Wanshouxigong,24,48,-0.107865,8294
B0,Wanshouxigong,24,72,-0.029076,8272
B0,Wanshouxigong,24,168,0.042028,8186
