station,event_id,start_timestamp,end_timestamp,duration_hours,actual_mean,actual_peak,peak_timestamp
Aotizhongxin,1,2016-03-03T02:00:00,2016-03-04T22:00:00,45,337.288889,438.0,2016-03-04T00:00:00
Aotizhongxin,2,2016-03-09T14:00:00,2016-03-09T14:00:00,1,270.0,270.0,2016-03-09T14:00:00
Aotizhongxin,3,2016-03-16T01:00:00,2016-03-16T02:00:00,2,249.5,252.0,2016-03-16T01:00:00
Aotizhongxin,4,2016-03-16T13:00:00,2016-03-18T11:00:00,47,311.638298,412.0,2016-03-18T02:00:00
Aotizhongxin,5,2016-03-31T14:00:00,2016-03-31T14:00:00,1,246.0,246.0,2016-03-31T14:00:00
Aotizhongxin,6,2016-04-06T21:00:00,2016-04-06T23:00:00,3,250.0,253.0,2016-04-06T23:00:00
Aotizhongxin,7,2016-04-30T01:00:00,2016-04-30T01:00:00,1,251.0,251.0,2016-04-30T01:00:00
Aotizhongxin,8,2016-05-01T20:00:00,2016-05-01T20:00:00,1,245.0,245.0,2016-05-01T20:00:00
Aotizhongxin,9,2016-05-06T01:00:00,2016-05-06T02:00:00,2,311.5,314.0,2016-05-06T02:00:00
Aotizhongxin,10,2016-07-04T04:00:00,2016-07-04T05:00:00,2,248.0,248.0,2016-07-04T04:00:00
Aotizhongxin,11,2016-10-02T21:00:00,2016-10-02T22:00:00,2,253.5,260.0,2016-10-02T22:00:00
Aotizhongxin,12,2016-10-13T21:00:00,2016-10-13T23:00:00,3,251.666667,259.0,2016-10-13T22:00:00
Aotizhongxin,13,2016-10-14T13:00:00,2016-10-14T16:00:00,4,304.5,346.0,2016-10-14T15:00:00
Aotizhongxin,14,2016-10-14T19:00:00,2016-10-15T04:00:00,10,276.1,320.0,2016-10-14T19:00:00
Aotizhongxin,15,2016-10-19T14:00:00,2016-10-19T20:00:00,7,289.0,310.0,2016-10-19T16:00:00
Aotizhongxin,16,2016-10-20T03:00:00,2016-10-20T04:00:00,2,260.0,266.0,2016-10-20T03:00:00
Aotizhongxin,17,2016-11-03T15:00:00,2016-11-04T01:00:00,11,268.636364,299.0,2016-11-03T16:00:00
Aotizhongxin,18,2016-11-04T11:00:00,2016-11-04T17:00:00,7,297.285714,334.0,2016-11-04T15:00:00
Aotizhongxin,19,2016-11-25T20:00:00,2016-11-26T11:00:00,16,304.0625,325.0,2016-11-26T04:00:00
Aotizhongxin,20,2016-11-26T14:00:00,2016-11-26T14:00:00,1,265.0,265.0,2016-11-26T14:00:00
Aotizhongxin,21,2016-11-26T19:00:00,2016-11-27T01:00:00,7,318.571429,363.0,2016-11-27T00:00:00
Aotizhongxin,22,2016-12-03T16:00:00,2016-12-04T12:00:00,21,403.809524,530.0,2016-12-04T01:00:00
Aotizhongxin,23,2016-12-04T22:00:00,2016-12-04T23:00:00,2,266.0,269.0,2016-12-04T22:00:00
Aotizhongxin,24,2016-12-12T12:00:00,2016-12-12T12:00:00,1,257.0,257.0,2016-12-12T12:00:00
Aotizhongxin,25,2016-12-17T14:00:00,2016-12-18T01:00:00,12,304.833333,379.0,2016-12-17T23:00:00
Aotizhongxin,26,2016-12-18T05:00:00,2016-12-18T05:00:00,1,249.0,249.0,2016-12-18T05:00:00
Aotizhongxin,27,2016-12-18T22:00:00,2016-12-19T00:00:00,3,272.666667,314.0,2016-12-18T23:00:00
Aotizhongxin,28,2016-12-19T02:00:00,2016-12-19T08:00:00,7,272.857143,289.0,2016-12-19T06:00:00
Aotizhongxin,29,2016-12-19T21:00:00,2016-12-20T09:00:00,13,318.692308,440.0,2016-12-20T03:00:00
Aotizhongxin,30,2016-12-20T12:00:00,2016-12-22T02:00:00,39,369.589744,433.0,2016-12-21T22:00:00
Aotizhongxin,31,2016-12-29T23:00:00,2016-12-30T03:00:00,5,324.6,408.0,2016-12-30T01:00:00
Aotizhongxin,32,2016-12-30T19:00:00,2016-12-31T05:00:00,11,323.0,353.0,2016-12-30T19:00:00
Aotizhongxin,33,2016-12-31T15:00:00,2017-01-02T03:00:00,37,446.918919,568.0,2017-01-01T15:00:00
Aotizhongxin,34,2017-01-02T15:00:00,2017-01-02T16:00:00,2,263.5,267.0,2017-01-02T15:00:00
Aotizhongxin,35,2017-01-03T01:00:00,2017-01-03T07:00:00,7,289.0,305.0,2017-01-03T05:00:00
Aotizhongxin,36,2017-01-03T16:00:00,2017-01-04T11:00:00,20,414.15,500.0,2017-01-04T06:00:00
Aotizhongxin,37,2017-01-04T14:00:00,2017-01-04T23:00:00,10,331.7,380.0,2017-01-04T22:00:00
Aotizhongxin,38,2017-01-05T05:00:00,2017-01-05T12:00:00,8,276.75,336.0,2017-01-05T06:00:00
Aotizhongxin,39,2017-01-25T23:00:00,2017-01-26T07:00:00,9,286.222222,326.0,2017-01-26T04:00:00
Aotizhongxin,40,2017-01-26T09:00:00,2017-01-26T12:00:00,4,259.75,270.0,2017-01-26T11:00:00
Aotizhongxin,41,2017-01-27T23:00:00,2017-01-28T12:00:00,14,470.785714,713.0,2017-01-28T05:00:00
Aotizhongxin,42,2017-01-28T17:00:00,2017-01-28T18:00:00,2,246.5,247.0,2017-01-28T17:00:00
Aotizhongxin,43,2017-01-28T21:00:00,2017-01-29T01:00:00,5,285.4,307.0,2017-01-28T23:00:00
Aotizhongxin,44,2017-02-03T19:00:00,2017-02-04T14:00:00,20,306.3,359.0,2017-02-04T06:00:00
Aotizhongxin,45,2017-02-04T16:00:00,2017-02-04T19:00:00,4,303.0,348.0,2017-02-04T17:00:00
Aotizhongxin,46,2017-02-14T22:00:00,2017-02-15T01:00:00,4,261.25,277.0,2017-02-15T00:00:00
Aotizhongxin,47,2017-02-15T10:00:00,2017-02-15T12:00:00,3,253.0,265.0,2017-02-15T12:00:00
Aotizhongxin,48,2017-02-15T17:00:00,2017-02-16T07:00:00,15,275.4,299.0,2017-02-16T01:00:00
Changping,1,2016-03-03T13:00:00,2016-03-04T19:00:00,31,311.806452,392.0,2016-03-04T15:00:00
Changping,2,2016-03-16T18:00:00,2016-03-16T22:00:00,5,248.2,251.0,2016-03-16T21:00:00
Changping,3,2016-03-17T00:00:00,2016-03-17T01:00:00,2,273.5,293.0,2016-03-17T00:00:00
Changping,4,2016-03-17T04:00:00,2016-03-17T05:00:00,2,254.5,255.0,2016-03-17T05:00:00
Changping,5,2016-03-17T09:00:00,2016-03-17T09:00:00,1,257.0,257.0,2016-03-17T09:00:00
Changping,6,2016-03-17T13:00:00,2016-03-18T07:00:00,19,269.578947,290.0,2016-03-17T20:00:00
Changping,7,2016-05-01T20:00:00,2016-05-01T21:00:00,2,253.5,261.0,2016-05-01T21:00:00
Changping,8,2016-05-06T01:00:00,2016-05-06T02:00:00,2,270.0,290.0,2016-05-06T01:00:00
Changping,9,2016-10-14T12:00:00,2016-10-15T01:00:00,14,306.5,380.0,2016-10-14T20:00:00
Changping,10,2016-10-15T15:00:00,2016-10-15T15:00:00,1,252.0,252.0,2016-10-15T15:00:00
Changping,11,2016-10-19T18:00:00,2016-10-19T21:00:00,4,267.0,282.0,2016-10-19T19:00:00
Changping,12,2016-10-20T03:00:00,2016-10-20T05:00:00,3,253.666667,255.0,2016-10-20T03:00:00
Changping,13,2016-11-03T19:00:00,2016-11-03T21:00:00,3,265.0,278.0,2016-11-03T20:00:00
Changping,14,2016-11-04T11:00:00,2016-11-04T19:00:00,9,285.111111,303.0,2016-11-04T18:00:00
Changping,15,2016-11-05T11:00:00,2016-11-05T11:00:00,1,256.0,256.0,2016-11-05T11:00:00
Changping,16,2016-11-09T22:00:00,2016-11-09T22:00:00,1,250.0,250.0,2016-11-09T22:00:00
Changping,17,2016-11-10T00:00:00,2016-11-10T00:00:00,1,273.0,273.0,2016-11-10T00:00:00
Changping,18,2016-11-10T13:00:00,2016-11-10T13:00:00,1,248.0,248.0,2016-11-10T13:00:00
Changping,19,2016-11-18T21:00:00,2016-11-18T21:00:00,1,249.0,249.0,2016-11-18T21:00:00
Changping,20,2016-11-26T11:00:00,2016-11-26T11:00:00,1,257.0,257.0,2016-11-26T11:00:00
Changping,21,2016-12-03T22:00:00,2016-12-03T22:00:00,1,269.0,269.0,2016-12-03T22:00:00
Changping,22,2016-12-11T22:00:00,2016-12-11T22:00:00,1,246.0,246.0,2016-12-11T22:00:00
Changping,23,2016-12-12T13:00:00,2016-12-12T14:00:00,2,249.0,249.0,2016-12-12T13:00:00
Changping,24,2016-12-12T16:00:00,2016-12-12T22:00:00,7,279.857143,297.0,2016-12-12T19:00:00
Changping,25,2016-12-18T18:00:00,2016-12-18T18:00:00,1,250.0,250.0,2016-12-18T18:00:00
Changping,26,2016-12-20T02:00:00,2016-12-22T01:00:00,48,405.125,596.0,2016-12-21T13:00:00
Changping,27,2016-12-31T11:00:00,2016-12-31T20:00:00,10,281.7,300.0,2016-12-31T16:00:00
Changping,28,2017-01-01T02:00:00,2017-01-02T03:00:00,26,455.961538,662.0,2017-01-01T12:00:00
Changping,29,2017-01-03T01:00:00,2017-01-03T01:00:00,1,280.0,280.0,2017-01-03T01:00:00
Changping,30,2017-01-03T11:00:00,2017-01-03T13:00:00,3,254.666667,266.0,2017-01-03T11:00:00
Changping,31,2017-01-03T21:00:00,2017-01-04T03:00:00,7,354.285714,416.0,2017-01-04T01:00:00
Changping,32,2017-01-04T18:00:00,2017-01-05T07:00:00,14,288.5,345.0,2017-01-04T23:00:00
Changping,33,2017-01-05T09:00:00,2017-01-05T13:00:00,5,261.2,280.0,2017-01-05T12:00:00
Changping,34,2017-01-05T18:00:00,2017-01-05T18:00:00,1,258.0,258.0,2017-01-05T18:00:00
Changping,35,2017-01-06T10:00:00,2017-01-06T10:00:00,1,258.0,258.0,2017-01-06T10:00:00
Changping,36,2017-01-07T10:00:00,2017-01-07T12:00:00,3,269.0,297.0,2017-01-07T11:00:00
Changping,37,2017-01-26T02:00:00,2017-01-26T02:00:00,1,247.0,247.0,2017-01-26T02:00:00
Changping,38,2017-01-26T10:00:00,2017-01-26T12:00:00,3,295.0,323.0,2017-01-26T12:00:00
Changping,39,2017-01-28T01:00:00,2017-01-28T06:00:00,6,416.166667,539.0,2017-01-28T02:00:00
Changping,40,2017-01-28T08:00:00,2017-01-28T11:00:00,4,315.75,342.0,2017-01-28T09:00:00
Changping,41,2017-02-04T10:00:00,2017-02-04T13:00:00,4,276.75,296.0,2017-02-04T12:00:00
Changping,42,2017-02-15T09:00:00,2017-02-15T12:00:00,4,255.5,262.0,2017-02-15T11:00:00
Changping,43,2017-02-15T19:00:00,2017-02-16T04:00:00,10,273.2,335.0,2017-02-15T23:00:00
Dingling,1,2016-03-03T12:00:00,2016-03-04T19:00:00,32,379.9375,474.0,2016-03-04T09:00:00
Dingling,2,2016-03-16T08:00:00,2016-03-16T08:00:00,1,251.0,251.0,2016-03-16T08:00:00
Dingling,3,2016-03-16T15:00:00,2016-03-18T06:00:00,40,311.475,378.0,2016-03-17T09:00:00
Dingling,4,2016-03-18T08:00:00,2016-03-18T08:00:00,1,260.0,260.0,2016-03-18T08:00:00
Dingling,5,2016-03-31T16:00:00,2016-03-31T17:00:00,2,251.0,257.0,2016-03-31T16:00:00
Dingling,6,2016-05-03T23:00:00,2016-05-03T23:00:00,1,302.0,302.0,2016-05-03T23:00:00
Dingling,7,2016-05-04T08:00:00,2016-05-04T08:00:00,1,253.0,253.0,2016-05-04T08:00:00
Dingling,8,2016-05-06T00:00:00,2016-05-06T02:00:00,3,316.666667,358.0,2016-05-06T01:00:00
Dingling,9,2016-10-10T17:00:00,2016-10-10T17:00:00,1,414.0,414.0,2016-10-10T17:00:00
Dingling,10,2016-10-14T11:00:00,2016-10-15T01:00:00,15,283.133333,317.0,2016-10-14T18:00:00
Dingling,11,2016-10-15T14:00:00,2016-10-15T15:00:00,2,248.0,251.0,2016-10-15T15:00:00
Dingling,12,2016-10-20T05:00:00,2016-10-20T05:00:00,1,255.0,255.0,2016-10-20T05:00:00
Dingling,13,2016-11-04T11:00:00,2016-11-04T22:00:00,12,286.166667,306.0,2016-11-04T19:00:00
Dingling,14,2016-11-26T11:00:00,2016-11-26T11:00:00,1,261.0,261.0,2016-11-26T11:00:00
Dingling,15,2016-12-12T14:00:00,2016-12-12T22:00:00,9,262.888889,272.0,2016-12-12T19:00:00
Dingling,16,2016-12-18T13:00:00,2016-12-18T13:00:00,1,246.0,246.0,2016-12-18T13:00:00
Dingling,17,2016-12-20T10:00:00,2016-12-21T23:00:00,38,389.447368,493.0,2016-12-21T14:00:00
Dingling,18,2016-12-31T14:00:00,2016-12-31T20:00:00,7,272.571429,293.0,2016-12-31T17:00:00
Dingling,19,2017-01-01T09:00:00,2017-01-02T01:00:00,17,354.176471,536.0,2017-01-01T13:00:00
Dingling,20,2017-01-03T12:00:00,2017-01-03T13:00:00,2,256.0,267.0,2017-01-03T13:00:00
Dingling,21,2017-01-04T18:00:00,2017-01-04T20:00:00,3,260.333333,271.0,2017-01-04T19:00:00
Dingling,22,2017-01-04T22:00:00,2017-01-04T23:00:00,2,253.5,255.0,2017-01-04T23:00:00
Dingling,23,2017-01-05T01:00:00,2017-01-05T07:00:00,7,374.857143,413.0,2017-01-05T02:00:00
Dingling,24,2017-01-05T11:00:00,2017-01-05T14:00:00,4,279.5,307.0,2017-01-05T12:00:00
Dingling,25,2017-01-07T11:00:00,2017-01-07T12:00:00,2,271.0,274.0,2017-01-07T11:00:00
Dingling,26,2017-01-26T09:00:00,2017-01-26T11:00:00,3,268.666667,283.0,2017-01-26T11:00:00
Dingling,27,2017-01-28T03:00:00,2017-01-28T07:00:00,5,277.0,312.0,2017-01-28T04:00:00
Dingling,28,2017-01-28T09:00:00,2017-01-28T12:00:00,4,264.0,288.0,2017-01-28T11:00:00
Dingling,29,2017-02-04T09:00:00,2017-02-04T13:00:00,5,263.4,279.0,2017-02-04T12:00:00
Dingling,30,2017-02-15T11:00:00,2017-02-15T12:00:00,2,270.5,271.0,2017-02-15T12:00:00
Dingling,31,2017-02-15T20:00:00,2017-02-16T05:00:00,10,255.9,268.0,2017-02-15T23:00:00
Dongsi,1,2016-03-03T04:00:00,2016-03-03T06:00:00,3,258.666667,264.0,2016-03-03T05:00:00
Dongsi,2,2016-03-03T09:00:00,2016-03-04T21:00:00,37,330.054054,400.0,2016-03-04T00:00:00
Dongsi,3,2016-03-16T01:00:00,2016-03-16T02:00:00,2,251.5,253.0,2016-03-16T01:00:00
Dongsi,4,2016-03-16T12:00:00,2016-03-17T02:00:00,15,287.0,333.0,2016-03-16T21:00:00
Dongsi,5,2016-03-17T06:00:00,2016-03-18T10:00:00,29,333.103448,401.0,2016-03-18T03:00:00
Dongsi,6,2016-03-31T13:00:00,2016-03-31T15:00:00,3,257.666667,263.0,2016-03-31T14:00:00
Dongsi,7,2016-04-06T21:00:00,2016-04-07T05:00:00,9,259.0,268.0,2016-04-07T03:00:00
Dongsi,8,2016-04-09T14:00:00,2016-04-09T14:00:00,1,274.0,274.0,2016-04-09T14:00:00
Dongsi,9,2016-04-13T12:00:00,2016-04-13T14:00:00,3,281.666667,295.0,2016-04-13T13:00:00
Dongsi,10,2016-04-29T22:00:00,2016-04-30T05:00:00,8,260.75,280.0,2016-04-30T02:00:00
Dongsi,11,2016-05-01T12:00:00,2016-05-01T16:00:00,5,275.4,288.0,2016-05-01T15:00:00
Dongsi,12,2016-05-01T19:00:00,2016-05-01T20:00:00,2,299.5,319.0,2016-05-01T20:00:00
Dongsi,13,2016-05-06T00:00:00,2016-05-06T03:00:00,4,359.75,408.0,2016-05-06T02:00:00
Dongsi,14,2016-05-12T01:00:00,2016-05-12T01:00:00,1,293.0,293.0,2016-05-12T01:00:00
Dongsi,15,2016-07-04T04:00:00,2016-07-04T06:00:00,3,269.333333,274.0,2016-07-04T04:00:00
Dongsi,16,2016-09-25T00:00:00,2016-09-25T03:00:00,4,250.75,262.0,2016-09-25T01:00:00
Dongsi,17,2016-10-01T21:00:00,2016-10-01T21:00:00,1,253.0,253.0,2016-10-01T21:00:00
Dongsi,18,2016-10-02T20:00:00,2016-10-02T22:00:00,3,266.0,278.0,2016-10-02T21:00:00
Dongsi,19,2016-10-13T19:00:00,2016-10-14T03:00:00,9,280.777778,312.0,2016-10-14T01:00:00
Dongsi,20,2016-10-14T09:00:00,2016-10-14T10:00:00,2,272.5,275.0,2016-10-14T10:00:00
Dongsi,21,2016-10-14T14:00:00,2016-10-14T15:00:00,2,339.5,342.0,2016-10-14T14:00:00
Dongsi,22,2016-10-14T20:00:00,2016-10-14T23:00:00,4,268.0,300.0,2016-10-14T20:00:00
Dongsi,23,2016-10-15T03:00:00,2016-10-15T06:00:00,4,269.5,283.0,2016-10-15T05:00:00
Dongsi,24,2016-10-19T11:00:00,2016-10-20T04:00:00,18,291.5,316.0,2016-10-19T16:00:00
Dongsi,25,2016-11-03T15:00:00,2016-11-04T17:00:00,27,291.814815,345.0,2016-11-04T14:00:00
Dongsi,26,2016-11-04T20:00:00,2016-11-04T21:00:00,2,253.5,258.0,2016-11-04T21:00:00
Dongsi,27,2016-11-05T00:00:00,2016-11-05T02:00:00,3,252.666667,260.0,2016-11-05T01:00:00
Dongsi,28,2016-11-18T14:00:00,2016-11-18T15:00:00,2,249.5,253.0,2016-11-18T14:00:00
Dongsi,29,2016-11-19T19:00:00,2016-11-19T20:00:00,2,251.5,252.0,2016-11-19T19:00:00
Dongsi,30,2016-11-25T18:00:00,2016-11-26T11:00:00,18,319.5,379.0,2016-11-26T01:00:00
Dongsi,31,2016-11-26T13:00:00,2016-11-26T15:00:00,3,268.333333,300.0,2016-11-26T13:00:00
Dongsi,32,2016-11-26T17:00:00,2016-11-27T02:00:00,10,329.9,382.0,2016-11-27T00:00:00
Dongsi,33,2016-12-02T21:00:00,2016-12-02T23:00:00,3,256.333333,261.0,2016-12-02T22:00:00
Dongsi,34,2016-12-03T15:00:00,2016-12-04T10:00:00,20,428.45,558.0,2016-12-04T01:00:00
Dongsi,35,2016-12-04T19:00:00,2016-12-04T22:00:00,4,273.5,287.0,2016-12-04T21:00:00
Dongsi,36,2016-12-11T22:00:00,2016-12-12T02:00:00,5,254.0,261.0,2016-12-12T00:00:00
Dongsi,37,2016-12-12T12:00:00,2016-12-12T12:00:00,1,250.0,250.0,2016-12-12T12:00:00
Dongsi,38,2016-12-16T19:00:00,2016-12-16T22:00:00,4,279.5,285.0,2016-12-16T22:00:00
Dongsi,39,2016-12-17T02:00:00,2016-12-17T02:00:00,1,260.0,260.0,2016-12-17T02:00:00
Dongsi,40,2016-12-17T13:00:00,2016-12-18T05:00:00,17,330.294118,401.0,2016-12-17T20:00:00
Dongsi,41,2016-12-18T18:00:00,2016-12-19T05:00:00,12,296.833333,329.0,2016-12-19T04:00:00
Dongsi,42,2016-12-19T19:00:00,2016-12-22T02:00:00,56,403.875,494.0,2016-12-19T23:00:00
Dongsi,43,2016-12-29T22:00:00,2016-12-30T05:00:00,8,397.25,447.0,2016-12-30T03:00:00
Dongsi,44,2016-12-30T17:00:00,2016-12-31T08:00:00,16,342.25,392.0,2016-12-30T19:00:00
Dongsi,45,2016-12-31T13:00:00,2017-01-02T03:00:00,39,466.641026,589.0,2017-01-01T15:00:00
Dongsi,46,2017-01-02T12:00:00,2017-01-02T17:00:00,6,273.166667,291.0,2017-01-02T15:00:00
Dongsi,47,2017-01-02T23:00:00,2017-01-03T09:00:00,11,302.545455,362.0,2017-01-03T06:00:00
Dongsi,48,2017-01-03T15:00:00,2017-01-04T09:00:00,19,497.631579,663.0,2017-01-04T03:00:00
Dongsi,49,2017-01-04T13:00:00,2017-01-04T13:00:00,1,254.0,254.0,2017-01-04T13:00:00
Dongsi,50,2017-01-04T17:00:00,2017-01-04T23:00:00,7,377.714286,405.0,2017-01-04T22:00:00
Dongsi,51,2017-01-05T05:00:00,2017-01-05T12:00:00,8,284.25,325.0,2017-01-05T06:00:00
Dongsi,52,2017-01-06T15:00:00,2017-01-06T16:00:00,2,246.0,247.0,2017-01-06T16:00:00
Dongsi,53,2017-01-07T00:00:00,2017-01-07T02:00:00,3,256.666667,265.0,2017-01-07T01:00:00
Dongsi,54,2017-01-07T05:00:00,2017-01-07T05:00:00,1,248.0,248.0,2017-01-07T05:00:00
Dongsi,55,2017-01-25T22:00:00,2017-01-26T11:00:00,14,305.857143,356.0,2017-01-26T03:00:00
Dongsi,56,2017-01-27T22:00:00,2017-01-28T13:00:00,16,433.6875,681.0,2017-01-28T04:00:00
Dongsi,57,2017-01-28T16:00:00,2017-01-29T01:00:00,10,268.6,300.0,2017-01-29T01:00:00
Dongsi,58,2017-02-03T18:00:00,2017-02-04T19:00:00,26,328.0,405.0,2017-02-04T19:00:00
Dongsi,59,2017-02-11T22:00:00,2017-02-12T02:00:00,5,288.2,377.0,2017-02-11T23:00:00
Dongsi,60,2017-02-14T21:00:00,2017-02-15T06:00:00,10,257.3,278.0,2017-02-15T01:00:00
Dongsi,61,2017-02-15T09:00:00,2017-02-15T12:00:00,4,257.25,265.0,2017-02-15T11:00:00
Dongsi,62,2017-02-15T18:00:00,2017-02-16T07:00:00,14,272.214286,284.0,2017-02-15T21:00:00
Guanyuan,1,2016-03-03T10:00:00,2016-03-04T21:00:00,36,316.055556,385.0,2016-03-03T23:00:00
Guanyuan,2,2016-03-16T13:00:00,2016-03-18T10:00:00,46,316.782609,402.0,2016-03-18T00:00:00
Guanyuan,3,2016-03-31T15:00:00,2016-03-31T16:00:00,2,248.0,250.0,2016-03-31T16:00:00
Guanyuan,4,2016-04-06T20:00:00,2016-04-06T20:00:00,1,246.0,246.0,2016-04-06T20:00:00
Guanyuan,5,2016-04-13T13:00:00,2016-04-13T14:00:00,2,249.5,254.0,2016-04-13T14:00:00
Guanyuan,6,2016-04-30T00:00:00,2016-04-30T03:00:00,4,254.75,265.0,2016-04-30T01:00:00
Guanyuan,7,2016-05-01T15:00:00,2016-05-01T15:00:00,1,247.0,247.0,2016-05-01T15:00:00
Guanyuan,8,2016-05-01T20:00:00,2016-05-01T20:00:00,1,272.0,272.0,2016-05-01T20:00:00
Guanyuan,9,2016-05-06T01:00:00,2016-05-06T02:00:00,2,308.5,320.0,2016-05-06T01:00:00
Guanyuan,10,2016-07-04T06:00:00,2016-07-04T07:00:00,2,259.5,270.0,2016-07-04T07:00:00
Guanyuan,11,2016-07-30T15:00:00,2016-07-30T17:00:00,3,251.0,254.0,2016-07-30T15:00:00
Guanyuan,12,2016-10-13T23:00:00,2016-10-14T00:00:00,2,255.5,257.0,2016-10-14T00:00:00
Guanyuan,13,2016-10-14T09:00:00,2016-10-14T16:00:00,8,286.25,353.0,2016-10-14T15:00:00
Guanyuan,14,2016-10-14T20:00:00,2016-10-15T05:00:00,10,283.0,298.0,2016-10-14T23:00:00
Guanyuan,15,2016-10-19T04:00:00,2016-10-19T05:00:00,2,256.5,262.0,2016-10-19T04:00:00
Guanyuan,16,2016-10-19T13:00:00,2016-10-19T14:00:00,2,281.5,300.0,2016-10-19T14:00:00
Guanyuan,17,2016-10-19T20:00:00,2016-10-19T21:00:00,2,254.0,263.0,2016-10-19T20:00:00
Guanyuan,18,2016-10-20T01:00:00,2016-10-20T04:00:00,4,264.25,276.0,2016-10-20T03:00:00
Guanyuan,19,2016-11-03T15:00:00,2016-11-03T16:00:00,2,283.5,295.0,2016-11-03T15:00:00
Guanyuan,20,2016-11-03T19:00:00,2016-11-04T07:00:00,13,264.615385,281.0,2016-11-04T01:00:00
Guanyuan,21,2016-11-04T09:00:00,2016-11-04T19:00:00,11,291.363636,350.0,2016-11-04T15:00:00
Guanyuan,22,2016-11-04T23:00:00,2016-11-05T04:00:00,6,261.0,268.0,2016-11-05T02:00:00
Guanyuan,23,2016-11-18T13:00:00,2016-11-18T16:00:00,4,255.5,270.0,2016-11-18T15:00:00
Guanyuan,24,2016-11-19T01:00:00,2016-11-19T01:00:00,1,246.0,246.0,2016-11-19T01:00:00
Guanyuan,25,2016-11-19T20:00:00,2016-11-19T20:00:00,1,245.0,245.0,2016-11-19T20:00:00
Guanyuan,26,2016-11-25T19:00:00,2016-11-26T01:00:00,7,336.142857,380.0,2016-11-26T00:00:00
Guanyuan,27,2016-11-26T05:00:00,2016-11-26T11:00:00,7,301.428571,321.0,2016-11-26T06:00:00
Guanyuan,28,2016-11-26T13:00:00,2016-11-26T14:00:00,2,281.0,308.0,2016-11-26T13:00:00
Guanyuan,29,2016-11-26T16:00:00,2016-11-27T02:00:00,11,323.272727,377.0,2016-11-26T22:00:00
Guanyuan,30,2016-12-03T17:00:00,2016-12-04T11:00:00,19,392.263158,521.0,2016-12-04T03:00:00
Guanyuan,31,2016-12-04T20:00:00,2016-12-04T23:00:00,4,269.0,273.0,2016-12-04T20:00:00
Guanyuan,32,2016-12-06T18:00:00,2016-12-06T18:00:00,1,258.0,258.0,2016-12-06T18:00:00
Guanyuan,33,2016-12-12T13:00:00,2016-12-12T13:00:00,1,251.0,251.0,2016-12-12T13:00:00
Guanyuan,34,2016-12-16T19:00:00,2016-12-16T22:00:00,4,261.25,270.0,2016-12-16T20:00:00
Guanyuan,35,2016-12-17T14:00:00,2016-12-18T01:00:00,12,316.25,384.0,2016-12-17T22:00:00
Guanyuan,36,2016-12-18T18:00:00,2016-12-19T00:00:00,7,277.142857,285.0,2016-12-18T21:00:00
Guanyuan,37,2016-12-19T04:00:00,2016-12-19T08:00:00,5,282.6,313.0,2016-12-19T05:00:00
Guanyuan,38,2016-12-19T10:00:00,2016-12-19T10:00:00,1,250.0,250.0,2016-12-19T10:00:00
Guanyuan,39,2016-12-19T12:00:00,2016-12-19T13:00:00,2,248.0,251.0,2016-12-19T12:00:00
Guanyuan,40,2016-12-19T19:00:00,2016-12-20T08:00:00,14,435.928571,524.0,2016-12-20T03:00:00
Guanyuan,41,2016-12-20T10:00:00,2016-12-20T11:00:00,2,254.0,258.0,2016-12-20T10:00:00
Guanyuan,42,2016-12-20T13:00:00,2016-12-22T02:00:00,38,406.026316,508.0,2016-12-20T16:00:00
Guanyuan,43,2016-12-29T22:00:00,2016-12-30T03:00:00,6,354.0,442.0,2016-12-30T01:00:00
Guanyuan,44,2016-12-30T16:00:00,2016-12-31T07:00:00,16,314.4375,372.0,2016-12-31T01:00:00
Guanyuan,45,2016-12-31T12:00:00,2017-01-02T03:00:00,40,457.05,575.0,2017-01-01T14:00:00
Guanyuan,46,2017-01-02T12:00:00,2017-01-02T12:00:00,1,252.0,252.0,2017-01-02T12:00:00
Guanyuan,47,2017-01-02T15:00:00,2017-01-02T15:00:00,1,263.0,263.0,2017-01-02T15:00:00
Guanyuan,48,2017-01-03T02:00:00,2017-01-03T07:00:00,6,283.0,286.0,2017-01-03T04:00:00
Guanyuan,49,2017-01-03T16:00:00,2017-01-03T16:00:00,1,379.0,379.0,2017-01-03T16:00:00
Guanyuan,50,2017-01-04T14:00:00,2017-01-05T00:00:00,11,333.636364,382.0,2017-01-04T22:00:00
Guanyuan,51,2017-01-05T05:00:00,2017-01-05T11:00:00,7,277.142857,326.0,2017-01-05T06:00:00
Guanyuan,52,2017-01-25T23:00:00,2017-01-26T12:00:00,14,268.785714,310.0,2017-01-26T03:00:00
Guanyuan,53,2017-01-27T22:00:00,2017-01-28T12:00:00,15,430.533333,664.0,2017-01-28T02:00:00
Guanyuan,54,2017-01-28T20:00:00,2017-01-29T01:00:00,6,272.666667,293.0,2017-01-29T00:00:00
Guanyuan,55,2017-02-03T19:00:00,2017-02-04T01:00:00,7,305.571429,337.0,2017-02-03T22:00:00
Guanyuan,56,2017-02-04T03:00:00,2017-02-04T13:00:00,11,292.090909,323.0,2017-02-04T08:00:00
Guanyuan,57,2017-02-04T16:00:00,2017-02-04T19:00:00,4,348.25,365.0,2017-02-04T18:00:00
Guanyuan,58,2017-02-11T22:00:00,2017-02-11T22:00:00,1,283.0,283.0,2017-02-11T22:00:00
Guanyuan,59,2017-02-15T15:00:00,2017-02-16T06:00:00,16,260.875,286.0,2017-02-15T20:00:00
Gucheng,1,2016-03-03T10:00:00,2016-03-04T22:00:00,37,338.837838,406.0,2016-03-03T20:00:00
Gucheng,2,2016-03-16T13:00:00,2016-03-18T11:00:00,47,336.87234,399.0,2016-03-17T01:00:00
Gucheng,3,2016-03-31T16:00:00,2016-03-31T16:00:00,1,264.0,264.0,2016-03-31T16:00:00
Gucheng,4,2016-04-06T18:00:00,2016-04-06T18:00:00,1,245.0,245.0,2016-04-06T18:00:00
Gucheng,5,2016-04-06T22:00:00,2016-04-06T22:00:00,1,245.0,245.0,2016-04-06T22:00:00
Gucheng,6,2016-04-09T14:00:00,2016-04-09T15:00:00,2,305.5,310.0,2016-04-09T15:00:00
Gucheng,7,2016-04-13T14:00:00,2016-04-13T14:00:00,1,249.0,249.0,2016-04-13T14:00:00
Gucheng,8,2016-04-30T13:00:00,2016-04-30T13:00:00,1,249.0,249.0,2016-04-30T13:00:00
Gucheng,9,2016-05-01T20:00:00,2016-05-01T20:00:00,1,255.0,255.0,2016-05-01T20:00:00
Gucheng,10,2016-05-06T01:00:00,2016-05-06T02:00:00,2,275.0,296.0,2016-05-06T01:00:00
Gucheng,11,2016-06-08T21:00:00,2016-06-09T00:00:00,4,259.25,272.0,2016-06-08T23:00:00
Gucheng,12,2016-09-24T20:00:00,2016-09-25T00:00:00,5,257.6,262.0,2016-09-24T22:00:00
Gucheng,13,2016-09-25T02:00:00,2016-09-25T04:00:00,3,250.666667,254.0,2016-09-25T02:00:00
Gucheng,14,2016-10-13T20:00:00,2016-10-13T21:00:00,2,245.5,246.0,2016-10-13T21:00:00
Gucheng,15,2016-10-14T11:00:00,2016-10-15T03:00:00,17,326.176471,378.0,2016-10-14T21:00:00
Gucheng,16,2016-10-15T10:00:00,2016-10-15T12:00:00,3,251.666667,254.0,2016-10-15T12:00:00
Gucheng,17,2016-10-15T20:00:00,2016-10-15T22:00:00,3,252.666667,255.0,2016-10-15T20:00:00
Gucheng,18,2016-10-19T14:00:00,2016-10-20T05:00:00,16,304.6875,343.0,2016-10-19T16:00:00
Gucheng,19,2016-11-03T15:00:00,2016-11-03T16:00:00,2,266.5,286.0,2016-11-03T15:00:00
Gucheng,20,2016-11-03T18:00:00,2016-11-04T02:00:00,9,281.666667,310.0,2016-11-03T20:00:00
Gucheng,21,2016-11-04T10:00:00,2016-11-04T20:00:00,11,313.454545,385.0,2016-11-04T16:00:00
Gucheng,22,2016-11-05T00:00:00,2016-11-05T00:00:00,1,251.0,251.0,2016-11-05T00:00:00
Gucheng,23,2016-11-05T20:00:00,2016-11-05T20:00:00,1,247.0,247.0,2016-11-05T20:00:00
Gucheng,24,2016-11-18T17:00:00,2016-11-19T00:00:00,8,255.0,265.0,2016-11-18T18:00:00
Gucheng,25,2016-11-19T19:00:00,2016-11-19T21:00:00,3,270.666667,276.0,2016-11-19T21:00:00
Gucheng,26,2016-11-25T19:00:00,2016-11-26T04:00:00,10,348.9,419.0,2016-11-25T23:00:00
Gucheng,27,2016-11-26T10:00:00,2016-11-26T23:00:00,14,342.357143,452.0,2016-11-26T19:00:00
Gucheng,28,2016-12-03T18:00:00,2016-12-04T04:00:00,11,330.272727,376.0,2016-12-03T21:00:00
Gucheng,29,2016-12-04T11:00:00,2016-12-04T12:00:00,2,268.0,270.0,2016-12-04T11:00:00
Gucheng,30,2016-12-04T21:00:00,2016-12-04T23:00:00,3,259.0,271.0,2016-12-04T22:00:00
Gucheng,31,2016-12-07T16:00:00,2016-12-07T16:00:00,1,249.0,249.0,2016-12-07T16:00:00
Gucheng,32,2016-12-08T01:00:00,2016-12-08T04:00:00,4,256.75,263.0,2016-12-08T03:00:00
Gucheng,33,2016-12-12T10:00:00,2016-12-12T12:00:00,3,246.0,247.0,2016-12-12T11:00:00
Gucheng,34,2016-12-12T15:00:00,2016-12-12T21:00:00,7,259.571429,272.0,2016-12-12T20:00:00
Gucheng,35,2016-12-16T18:00:00,2016-12-16T20:00:00,3,271.666667,283.0,2016-12-16T18:00:00
Gucheng,36,2016-12-17T17:00:00,2016-12-17T20:00:00,4,273.25,285.0,2016-12-17T18:00:00
Gucheng,37,2016-12-18T14:00:00,2016-12-18T23:00:00,10,279.9,312.0,2016-12-18T20:00:00
Gucheng,38,2016-12-19T19:00:00,2016-12-19T20:00:00,2,262.0,275.0,2016-12-19T20:00:00
Gucheng,39,2016-12-20T04:00:00,2016-12-22T00:00:00,45,492.511111,646.0,2016-12-20T14:00:00
Gucheng,40,2016-12-30T16:00:00,2016-12-31T00:00:00,9,333.222222,395.0,2016-12-30T21:00:00
Gucheng,41,2016-12-31T12:00:00,2017-01-02T02:00:00,39,469.769231,608.0,2017-01-01T16:00:00
Gucheng,42,2017-01-02T12:00:00,2017-01-02T16:00:00,5,299.8,317.0,2017-01-02T14:00:00
Gucheng,43,2017-01-03T02:00:00,2017-01-03T03:00:00,2,249.5,250.0,2017-01-03T03:00:00
Gucheng,44,2017-01-03T15:00:00,2017-01-04T08:00:00,18,508.611111,677.0,2017-01-04T00:00:00
Gucheng,45,2017-01-04T10:00:00,2017-01-04T15:00:00,6,400.666667,568.0,2017-01-04T14:00:00
Gucheng,46,2017-01-04T17:00:00,2017-01-05T12:00:00,20,369.0,586.0,2017-01-04T20:00:00
Gucheng,47,2017-01-07T10:00:00,2017-01-07T10:00:00,1,256.0,256.0,2017-01-07T10:00:00
Gucheng,48,2017-01-25T22:00:00,2017-01-26T00:00:00,3,247.0,248.0,2017-01-25T23:00:00
Gucheng,49,2017-01-26T05:00:00,2017-01-26T12:00:00,8,261.0,275.0,2017-01-26T07:00:00
Gucheng,50,2017-01-27T22:00:00,2017-01-28T12:00:00,15,450.533333,767.0,2017-01-28T02:00:00
Gucheng,51,2017-01-28T19:00:00,2017-01-28T23:00:00,5,264.4,296.0,2017-01-28T21:00:00
Gucheng,52,2017-02-03T17:00:00,2017-02-04T03:00:00,11,297.727273,350.0,2017-02-03T22:00:00
Gucheng,53,2017-02-04T05:00:00,2017-02-04T19:00:00,15,306.333333,391.0,2017-02-04T18:00:00
Gucheng,54,2017-02-11T22:00:00,2017-02-11T22:00:00,1,284.0,284.0,2017-02-11T22:00:00
Gucheng,55,2017-02-15T15:00:00,2017-02-16T08:00:00,18,273.666667,297.0,2017-02-15T20:00:00
Huairou,1,2016-03-03T11:00:00,2016-03-04T22:00:00,36,343.611111,449.0,2016-03-04T19:00:00
Huairou,2,2016-03-16T15:00:00,2016-03-18T10:00:00,44,289.886364,355.0,2016-03-17T20:00:00
Huairou,3,2016-03-31T22:00:00,2016-03-31T22:00:00,1,274.0,274.0,2016-03-31T22:00:00
Huairou,4,2016-04-13T09:00:00,2016-04-13T14:00:00,6,267.333333,283.0,2016-04-13T12:00:00
Huairou,5,2016-05-06T00:00:00,2016-05-06T02:00:00,3,297.0,345.0,2016-05-06T01:00:00
Huairou,6,2016-10-14T11:00:00,2016-10-15T02:00:00,16,307.0625,379.0,2016-10-14T20:00:00
Huairou,7,2016-10-19T10:00:00,2016-10-19T12:00:00,3,247.333333,251.0,2016-10-19T12:00:00
Huairou,8,2016-10-19T14:00:00,2016-10-20T00:00:00,11,280.545455,321.0,2016-10-19T17:00:00
Huairou,9,2016-10-20T02:00:00,2016-10-20T02:00:00,1,246.0,246.0,2016-10-20T02:00:00
Huairou,10,2016-11-03T16:00:00,2016-11-04T00:00:00,9,286.333333,323.0,2016-11-03T18:00:00
Huairou,11,2016-11-04T11:00:00,2016-11-04T16:00:00,6,280.0,308.0,2016-11-04T15:00:00
Huairou,12,2016-11-04T18:00:00,2016-11-04T19:00:00,2,271.0,274.0,2016-11-04T18:00:00
Huairou,13,2016-11-26T19:00:00,2016-11-26T20:00:00,2,268.0,279.0,2016-11-26T20:00:00
Huairou,14,2016-12-03T18:00:00,2016-12-04T02:00:00,9,312.333333,428.0,2016-12-03T19:00:00
Huairou,15,2016-12-12T19:00:00,2016-12-12T19:00:00,1,258.0,258.0,2016-12-12T19:00:00
Huairou,16,2016-12-19T22:00:00,2016-12-20T00:00:00,3,315.333333,358.0,2016-12-19T23:00:00
Huairou,17,2016-12-20T03:00:00,2016-12-22T05:00:00,51,354.901961,493.0,2016-12-21T22:00:00
Huairou,18,2017-01-01T00:00:00,2017-01-01T01:00:00,2,301.5,324.0,2017-01-01T00:00:00
Huairou,19,2017-01-01T03:00:00,2017-01-02T05:00:00,27,407.0,558.0,2017-01-01T18:00:00
Huairou,20,2017-01-02T19:00:00,2017-01-02T22:00:00,4,273.25,307.0,2017-01-02T21:00:00
Huairou,21,2017-01-03T20:00:00,2017-01-03T22:00:00,3,292.0,319.0,2017-01-03T21:00:00
Huairou,22,2017-01-04T00:00:00,2017-01-04T01:00:00,2,261.0,269.0,2017-01-04T01:00:00
Huairou,23,2017-01-04T17:00:00,2017-01-05T14:00:00,22,304.363636,393.0,2017-01-04T22:00:00
Huairou,24,2017-01-26T10:00:00,2017-01-26T10:00:00,1,251.0,251.0,2017-01-26T10:00:00
Huairou,25,2017-01-26T13:00:00,2017-01-26T14:00:00,2,270.5,284.0,2017-01-26T13:00:00
Huairou,26,2017-01-27T22:00:00,2017-01-27T22:00:00,1,290.0,290.0,2017-01-27T22:00:00
Huairou,27,2017-01-28T01:00:00,2017-01-28T02:00:00,2,435.0,556.0,2017-01-28T01:00:00
Huairou,28,2017-01-28T20:00:00,2017-01-28T20:00:00,1,246.0,246.0,2017-01-28T20:00:00
Huairou,29,2017-02-04T11:00:00,2017-02-04T20:00:00,10,265.4,304.0,2017-02-04T20:00:00
Huairou,30,2017-02-14T19:00:00,2017-02-14T20:00:00,2,252.0,253.0,2017-02-14T20:00:00
Nongzhanguan,1,2016-03-02T05:00:00,2016-03-02T05:00:00,1,248.0,248.0,2016-03-02T05:00:00
Nongzhanguan,2,2016-03-03T05:00:00,2016-03-03T06:00:00,2,259.0,262.0,2016-03-03T05:00:00
Nongzhanguan,3,2016-03-03T09:00:00,2016-03-04T22:00:00,38,332.131579,409.0,2016-03-04T00:00:00
Nongzhanguan,4,2016-03-16T12:00:00,2016-03-16T14:00:00,3,261.0,268.0,2016-03-16T14:00:00
Nongzhanguan,5,2016-03-16T16:00:00,2016-03-17T00:00:00,9,267.222222,299.0,2016-03-16T21:00:00
Nongzhanguan,6,2016-03-17T09:00:00,2016-03-18T11:00:00,27,307.703704,367.0,2016-03-18T03:00:00
Nongzhanguan,7,2016-03-31T13:00:00,2016-03-31T15:00:00,3,267.666667,289.0,2016-03-31T14:00:00
Nongzhanguan,8,2016-04-05T14:00:00,2016-04-05T14:00:00,1,250.0,250.0,2016-04-05T14:00:00
Nongzhanguan,9,2016-04-05T17:00:00,2016-04-05T17:00:00,1,281.0,281.0,2016-04-05T17:00:00
Nongzhanguan,10,2016-04-07T03:00:00,2016-04-07T06:00:00,4,268.75,290.0,2016-04-07T04:00:00
Nongzhanguan,11,2016-04-13T10:00:00,2016-04-13T14:00:00,5,275.8,296.0,2016-04-13T12:00:00
Nongzhanguan,12,2016-04-21T10:00:00,2016-04-21T10:00:00,1,267.0,267.0,2016-04-21T10:00:00
Nongzhanguan,13,2016-04-30T02:00:00,2016-04-30T02:00:00,1,246.0,246.0,2016-04-30T02:00:00
Nongzhanguan,14,2016-05-01T20:00:00,2016-05-01T20:00:00,1,251.0,251.0,2016-05-01T20:00:00
Nongzhanguan,15,2016-05-06T01:00:00,2016-05-06T02:00:00,2,265.5,283.0,2016-05-06T02:00:00
Nongzhanguan,16,2016-07-04T04:00:00,2016-07-04T05:00:00,2,265.0,273.0,2016-07-04T04:00:00
Nongzhanguan,17,2016-07-30T15:00:00,2016-07-30T15:00:00,1,251.0,251.0,2016-07-30T15:00:00
Nongzhanguan,18,2016-09-25T00:00:00,2016-09-25T03:00:00,4,246.75,250.0,2016-09-25T01:00:00
Nongzhanguan,19,2016-10-02T21:00:00,2016-10-02T21:00:00,1,249.0,249.0,2016-10-02T21:00:00
Nongzhanguan,20,2016-10-13T20:00:00,2016-10-14T04:00:00,9,261.222222,271.0,2016-10-14T02:00:00
Nongzhanguan,21,2016-10-14T11:00:00,2016-10-14T11:00:00,1,263.0,263.0,2016-10-14T11:00:00
Nongzhanguan,22,2016-10-14T14:00:00,2016-10-14T14:00:00,1,263.0,263.0,2016-10-14T14:00:00
Nongzhanguan,23,2016-10-19T11:00:00,2016-10-19T19:00:00,9,280.111111,307.0,2016-10-19T14:00:00
Nongzhanguan,24,2016-11-03T15:00:00,2016-11-04T01:00:00,11,273.545455,304.0,2016-11-03T15:00:00
Nongzhanguan,25,2016-11-04T11:00:00,2016-11-04T18:00:00,8,291.5,348.0,2016-11-04T14:00:00
Nongzhanguan,26,2016-11-04T22:00:00,2016-11-05T00:00:00,3,264.0,271.0,2016-11-04T23:00:00
Nongzhanguan,27,2016-11-10T00:00:00,2016-11-10T00:00:00,1,246.0,246.0,2016-11-10T00:00:00
Nongzhanguan,28,2016-11-18T19:00:00,2016-11-18T20:00:00,2,260.5,273.0,2016-11-18T20:00:00
Nongzhanguan,29,2016-11-25T19:00:00,2016-11-26T11:00:00,17,325.0,359.0,2016-11-26T06:00:00
Nongzhanguan,30,2016-11-26T14:00:00,2016-11-26T15:00:00,2,252.5,254.0,2016-11-26T15:00:00
Nongzhanguan,31,2016-11-26T19:00:00,2016-11-27T03:00:00,9,295.222222,333.0,2016-11-27T00:00:00
Nongzhanguan,32,2016-12-03T02:00:00,2016-12-03T02:00:00,1,258.0,258.0,2016-12-03T02:00:00
Nongzhanguan,33,2016-12-03T15:00:00,2016-12-04T10:00:00,20,430.15,554.0,2016-12-03T23:00:00
Nongzhanguan,34,2016-12-04T20:00:00,2016-12-04T23:00:00,4,260.0,270.0,2016-12-04T21:00:00
Nongzhanguan,35,2016-12-11T22:00:00,2016-12-12T02:00:00,5,265.8,271.0,2016-12-12T00:00:00
Nongzhanguan,36,2016-12-16T19:00:00,2016-12-16T21:00:00,3,252.666667,258.0,2016-12-16T20:00:00
Nongzhanguan,37,2016-12-17T01:00:00,2016-12-17T02:00:00,2,253.5,256.0,2016-12-17T02:00:00
Nongzhanguan,38,2016-12-17T14:00:00,2016-12-18T07:00:00,18,330.388889,385.0,2016-12-17T22:00:00
Nongzhanguan,39,2016-12-18T18:00:00,2016-12-19T05:00:00,12,289.5,355.0,2016-12-19T03:00:00
Nongzhanguan,40,2016-12-19T19:00:00,2016-12-22T03:00:00,57,362.842105,487.0,2016-12-20T00:00:00
Nongzhanguan,41,2016-12-29T22:00:00,2016-12-30T02:00:00,5,387.0,429.0,2016-12-30T00:00:00
Nongzhanguan,42,2016-12-30T04:00:00,2016-12-30T05:00:00,2,316.5,328.0,2016-12-30T04:00:00
Nongzhanguan,43,2016-12-30T18:00:00,2016-12-31T07:00:00,14,354.214286,404.0,2016-12-31T03:00:00
Nongzhanguan,44,2016-12-31T15:00:00,2017-01-02T01:00:00,35,439.142857,558.0,2017-01-01T15:00:00
Nongzhanguan,45,2017-01-02T03:00:00,2017-01-02T04:00:00,2,384.5,393.0,2017-01-02T03:00:00
Nongzhanguan,46,2017-01-02T15:00:00,2017-01-02T16:00:00,2,268.5,272.0,2017-01-02T15:00:00
Nongzhanguan,47,2017-01-03T00:00:00,2017-01-04T23:00:00,48,389.645833,579.0,2017-01-04T03:00:00
Nongzhanguan,48,2017-01-05T06:00:00,2017-01-05T11:00:00,6,274.5,284.0,2017-01-05T07:00:00
Nongzhanguan,49,2017-01-06T10:00:00,2017-01-06T12:00:00,3,284.333333,300.0,2017-01-06T11:00:00
Nongzhanguan,50,2017-01-06T21:00:00,2017-01-07T06:00:00,10,269.3,297.0,2017-01-07T05:00:00
Nongzhanguan,51,2017-01-25T22:00:00,2017-01-26T12:00:00,15,298.8,339.0,2017-01-26T03:00:00
Nongzhanguan,52,2017-01-27T22:00:00,2017-01-28T11:00:00,14,468.285714,835.0,2017-01-28T02:00:00
Nongzhanguan,53,2017-01-28T21:00:00,2017-01-29T01:00:00,5,273.6,287.0,2017-01-28T23:00:00
Nongzhanguan,54,2017-02-03T01:00:00,2017-02-03T01:00:00,1,263.0,263.0,2017-02-03T01:00:00
Nongzhanguan,55,2017-02-03T03:00:00,2017-02-03T03:00:00,1,245.0,245.0,2017-02-03T03:00:00
Nongzhanguan,56,2017-02-03T19:00:00,2017-02-04T19:00:00,25,320.2,378.0,2017-02-04T08:00:00
Nongzhanguan,57,2017-02-11T22:00:00,2017-02-12T03:00:00,6,328.333333,529.0,2017-02-11T22:00:00
Nongzhanguan,58,2017-02-14T22:00:00,2017-02-15T01:00:00,4,255.25,260.0,2017-02-14T23:00:00
Nongzhanguan,59,2017-02-15T04:00:00,2017-02-15T06:00:00,3,251.0,258.0,2017-02-15T04:00:00
Nongzhanguan,60,2017-02-15T10:00:00,2017-02-15T12:00:00,3,256.333333,270.0,2017-02-15T12:00:00
Nongzhanguan,61,2017-02-15T17:00:00,2017-02-16T07:00:00,15,265.333333,280.0,2017-02-16T02:00:00
Shunyi,1,2016-03-02T23:00:00,2016-03-03T00:00:00,2,263.0,266.0,2016-03-02T23:00:00
Shunyi,2,2016-03-03T08:00:00,2016-03-04T03:00:00,20,350.8,436.0,2016-03-04T02:00:00
Shunyi,3,2016-03-04T05:00:00,2016-03-04T22:00:00,18,375.222222,469.0,2016-03-04T21:00:00
Shunyi,4,2016-03-15T23:00:00,2016-03-16T04:00:00,6,268.166667,280.0,2016-03-16T02:00:00
Shunyi,5,2016-03-16T12:00:00,2016-03-17T00:00:00,13,280.615385,326.0,2016-03-16T22:00:00
Shunyi,6,2016-03-17T10:00:00,2016-03-18T01:00:00,16,301.5625,417.0,2016-03-17T23:00:00
Shunyi,7,2016-03-18T03:00:00,2016-03-18T09:00:00,7,317.142857,347.0,2016-03-18T04:00:00
Shunyi,8,2016-03-31T11:00:00,2016-03-31T15:00:00,5,268.0,283.0,2016-03-31T14:00:00
Shunyi,9,2016-04-06T21:00:00,2016-04-07T07:00:00,11,270.909091,283.0,2016-04-07T00:00:00
Shunyi,10,2016-04-13T08:00:00,2016-04-13T13:00:00,6,325.333333,360.0,2016-04-13T13:00:00
Shunyi,11,2016-04-30T00:00:00,2016-04-30T01:00:00,2,252.0,259.0,2016-04-30T01:00:00
Shunyi,12,2016-05-01T18:00:00,2016-05-01T19:00:00,2,287.5,325.0,2016-05-01T19:00:00
Shunyi,13,2016-05-06T01:00:00,2016-05-06T03:00:00,3,307.333333,334.0,2016-05-06T02:00:00
Shunyi,14,2016-10-14T11:00:00,2016-10-14T23:00:00,13,304.769231,397.0,2016-10-14T16:00:00
Shunyi,15,2016-10-19T12:00:00,2016-10-19T19:00:00,8,297.125,321.0,2016-10-19T16:00:00
Shunyi,16,2016-11-03T13:00:00,2016-11-03T21:00:00,9,280.444444,311.0,2016-11-03T16:00:00
Shunyi,17,2016-11-04T12:00:00,2016-11-04T17:00:00,6,281.833333,296.0,2016-11-04T13:00:00
Shunyi,18,2016-11-09T23:00:00,2016-11-09T23:00:00,1,247.0,247.0,2016-11-09T23:00:00
Shunyi,19,2016-11-25T20:00:00,2016-11-26T05:00:00,10,307.3,351.0,2016-11-26T01:00:00
Shunyi,20,2016-11-26T17:00:00,2016-11-26T17:00:00,1,248.0,248.0,2016-11-26T17:00:00
Shunyi,21,2016-11-26T20:00:00,2016-11-26T20:00:00,1,245.0,245.0,2016-11-26T20:00:00
Shunyi,22,2016-11-26T23:00:00,2016-11-27T02:00:00,4,307.5,321.0,2016-11-27T00:00:00
Shunyi,23,2016-12-03T15:00:00,2016-12-04T06:00:00,16,406.0,545.0,2016-12-03T23:00:00
Shunyi,24,2016-12-04T20:00:00,2016-12-05T02:00:00,7,313.0,337.0,2016-12-05T00:00:00
Shunyi,25,2016-12-11T19:00:00,2016-12-11T19:00:00,1,252.0,252.0,2016-12-11T19:00:00
Shunyi,26,2016-12-11T22:00:00,2016-12-11T23:00:00,2,259.0,264.0,2016-12-11T22:00:00
Shunyi,27,2016-12-12T18:00:00,2016-12-13T01:00:00,8,280.125,327.0,2016-12-12T22:00:00
Shunyi,28,2016-12-17T16:00:00,2016-12-18T04:00:00,13,313.153846,396.0,2016-12-17T20:00:00
Shunyi,29,2016-12-18T23:00:00,2016-12-19T02:00:00,4,285.5,310.0,2016-12-18T23:00:00
Shunyi,30,2016-12-19T20:00:00,2016-12-20T05:00:00,10,329.7,508.0,2016-12-19T21:00:00
Shunyi,31,2016-12-20T11:00:00,2016-12-20T11:00:00,1,254.0,254.0,2016-12-20T11:00:00
Shunyi,32,2016-12-20T13:00:00,2016-12-21T03:00:00,15,320.466667,386.0,2016-12-20T15:00:00
Shunyi,33,2016-12-21T08:00:00,2016-12-22T05:00:00,22,422.636364,523.0,2016-12-21T23:00:00
Shunyi,34,2016-12-30T22:00:00,2016-12-31T02:00:00,5,326.2,382.0,2016-12-30T22:00:00
Shunyi,35,2016-12-31T20:00:00,2017-01-02T06:00:00,35,426.4,587.0,2017-01-01T00:00:00
Shunyi,36,2017-01-02T18:00:00,2017-01-02T18:00:00,1,266.0,266.0,2017-01-02T18:00:00
Shunyi,37,2017-01-02T20:00:00,2017-01-03T03:00:00,8,293.25,364.0,2017-01-03T00:00:00
Shunyi,38,2017-01-03T17:00:00,2017-01-04T10:00:00,18,460.611111,582.0,2017-01-04T04:00:00
Shunyi,39,2017-01-04T12:00:00,2017-01-04T17:00:00,6,282.166667,332.0,2017-01-04T13:00:00
Shunyi,40,2017-01-04T20:00:00,2017-01-04T22:00:00,3,321.333333,364.0,2017-01-04T21:00:00
Shunyi,41,2017-01-05T04:00:00,2017-01-05T14:00:00,11,285.818182,319.0,2017-01-05T11:00:00
Shunyi,42,2017-01-06T02:00:00,2017-01-06T05:00:00,4,313.5,367.0,2017-01-06T03:00:00
Shunyi,43,2017-01-06T22:00:00,2017-01-07T00:00:00,3,263.333333,272.0,2017-01-06T23:00:00
Shunyi,44,2017-01-25T20:00:00,2017-01-25T20:00:00,1,253.0,253.0,2017-01-25T20:00:00
Shunyi,45,2017-01-25T22:00:00,2017-01-26T07:00:00,10,297.6,343.0,2017-01-26T00:00:00
Shunyi,46,2017-01-26T09:00:00,2017-01-26T13:00:00,5,266.2,292.0,2017-01-26T12:00:00
Shunyi,47,2017-01-27T22:00:00,2017-01-28T11:00:00,14,516.428571,762.0,2017-01-28T02:00:00
Shunyi,48,2017-01-28T20:00:00,2017-01-29T02:00:00,7,278.285714,322.0,2017-01-28T23:00:00
Shunyi,49,2017-02-03T19:00:00,2017-02-04T19:00:00,25,293.4,388.0,2017-02-04T00:00:00
Shunyi,50,2017-02-12T23:00:00,2017-02-12T23:00:00,1,265.0,265.0,2017-02-12T23:00:00
Shunyi,51,2017-02-14T17:00:00,2017-02-14T17:00:00,1,246.0,246.0,2017-02-14T17:00:00
Shunyi,52,2017-02-14T19:00:00,2017-02-15T03:00:00,9,275.777778,311.0,2017-02-15T02:00:00
Shunyi,53,2017-02-15T21:00:00,2017-02-16T02:00:00,6,259.0,272.0,2017-02-15T22:00:00
Tiantan,1,2016-03-03T10:00:00,2016-03-04T01:00:00,16,333.0,370.0,2016-03-04T01:00:00
Tiantan,2,2016-03-04T03:00:00,2016-03-04T21:00:00,19,297.105263,336.0,2016-03-04T20:00:00
Tiantan,3,2016-03-16T12:00:00,2016-03-16T14:00:00,3,262.666667,285.0,2016-03-16T13:00:00
Tiantan,4,2016-03-16T16:00:00,2016-03-16T17:00:00,2,256.5,263.0,2016-03-16T16:00:00
Tiantan,5,2016-03-16T19:00:00,2016-03-17T01:00:00,7,271.571429,285.0,2016-03-16T21:00:00
Tiantan,6,2016-03-17T10:00:00,2016-03-18T10:00:00,25,297.96,342.0,2016-03-18T04:00:00
Tiantan,7,2016-04-13T11:00:00,2016-04-13T13:00:00,3,267.333333,279.0,2016-04-13T12:00:00
Tiantan,8,2016-04-21T10:00:00,2016-04-21T12:00:00,3,261.0,271.0,2016-04-21T12:00:00
Tiantan,9,2016-05-06T01:00:00,2016-05-06T02:00:00,2,292.5,299.0,2016-05-06T02:00:00
Tiantan,10,2016-07-04T04:00:00,2016-07-04T06:00:00,3,260.333333,268.0,2016-07-04T05:00:00
Tiantan,11,2016-10-14T10:00:00,2016-10-14T10:00:00,1,285.0,285.0,2016-10-14T10:00:00
Tiantan,12,2016-10-14T13:00:00,2016-10-14T15:00:00,3,295.0,343.0,2016-10-14T14:00:00
Tiantan,13,2016-10-19T11:00:00,2016-10-19T17:00:00,7,276.142857,292.0,2016-10-19T14:00:00
Tiantan,14,2016-11-03T14:00:00,2016-11-03T19:00:00,6,268.833333,284.0,2016-11-03T14:00:00
Tiantan,15,2016-11-03T21:00:00,2016-11-03T21:00:00,1,261.0,261.0,2016-11-03T21:00:00
Tiantan,16,2016-11-04T10:00:00,2016-11-04T16:00:00,7,285.857143,330.0,2016-11-04T14:00:00
Tiantan,17,2016-11-04T19:00:00,2016-11-04T19:00:00,1,248.0,248.0,2016-11-04T19:00:00
Tiantan,18,2016-11-05T02:00:00,2016-11-05T03:00:00,2,250.0,251.0,2016-11-05T03:00:00
Tiantan,19,2016-11-25T18:00:00,2016-11-26T03:00:00,10,275.6,295.0,2016-11-26T02:00:00
Tiantan,20,2016-11-26T06:00:00,2016-11-26T14:00:00,9,297.222222,330.0,2016-11-26T10:00:00
Tiantan,21,2016-11-26T17:00:00,2016-11-27T02:00:00,10,281.7,319.0,2016-11-27T01:00:00
Tiantan,22,2016-12-03T15:00:00,2016-12-04T10:00:00,20,389.05,485.0,2016-12-04T00:00:00
Tiantan,23,2016-12-04T19:00:00,2016-12-04T23:00:00,5,263.2,278.0,2016-12-04T20:00:00
Tiantan,24,2016-12-12T00:00:00,2016-12-12T00:00:00,1,247.0,247.0,2016-12-12T00:00:00
Tiantan,25,2016-12-16T20:00:00,2016-12-17T00:00:00,5,257.0,263.0,2016-12-17T00:00:00
Tiantan,26,2016-12-17T13:00:00,2016-12-18T06:00:00,18,303.833333,355.0,2016-12-17T20:00:00
Tiantan,27,2016-12-18T18:00:00,2016-12-19T00:00:00,7,256.285714,267.0,2016-12-18T20:00:00
Tiantan,28,2016-12-19T05:00:00,2016-12-19T07:00:00,3,257.0,271.0,2016-12-19T06:00:00
Tiantan,29,2016-12-19T15:00:00,2016-12-19T15:00:00,1,253.0,253.0,2016-12-19T15:00:00
Tiantan,30,2016-12-19T20:00:00,2016-12-22T03:00:00,56,380.535714,466.0,2016-12-21T15:00:00
Tiantan,31,2016-12-29T22:00:00,2016-12-30T06:00:00,9,318.222222,376.0,2016-12-29T23:00:00
Tiantan,32,2016-12-30T10:00:00,2016-12-30T12:00:00,3,280.666667,318.0,2016-12-30T11:00:00
Tiantan,33,2016-12-30T16:00:00,2017-01-02T04:00:00,61,367.983607,527.0,2017-01-01T14:00:00
Tiantan,34,2017-01-02T11:00:00,2017-01-02T15:00:00,5,307.2,326.0,2017-01-02T12:00:00
Tiantan,35,2017-01-03T00:00:00,2017-01-04T23:00:00,48,401.354167,548.0,2017-01-04T04:00:00
Tiantan,36,2017-01-05T06:00:00,2017-01-05T11:00:00,6,266.333333,298.0,2017-01-05T07:00:00
Tiantan,37,2017-01-26T00:00:00,2017-01-26T12:00:00,13,295.384615,364.0,2017-01-26T03:00:00
Tiantan,38,2017-01-27T23:00:00,2017-01-28T10:00:00,12,466.75,808.0,2017-01-28T03:00:00
Tiantan,39,2017-01-28T12:00:00,2017-01-28T12:00:00,1,252.0,252.0,2017-01-28T12:00:00
Tiantan,40,2017-01-29T01:00:00,2017-01-29T01:00:00,1,255.0,255.0,2017-01-29T01:00:00
Tiantan,41,2017-02-03T20:00:00,2017-02-04T20:00:00,25,315.76,375.0,2017-02-04T19:00:00
Tiantan,42,2017-02-11T23:00:00,2017-02-12T00:00:00,2,265.0,278.0,2017-02-12T00:00:00
Tiantan,43,2017-02-15T22:00:00,2017-02-16T03:00:00,6,253.333333,262.0,2017-02-16T02:00:00
Tiantan,44,2017-02-16T05:00:00,2017-02-16T07:00:00,3,254.333333,260.0,2017-02-16T05:00:00
Wanliu,1,2016-03-03T10:00:00,2016-03-04T21:00:00,36,348.361111,442.0,2016-03-04T20:00:00
Wanliu,2,2016-03-16T13:00:00,2016-03-17T00:00:00,12,292.666667,337.0,2016-03-16T22:00:00
Wanliu,3,2016-03-17T02:00:00,2016-03-18T10:00:00,33,331.090909,400.0,2016-03-18T01:00:00
Wanliu,4,2016-05-06T00:00:00,2016-05-06T02:00:00,3,273.0,293.0,2016-05-06T01:00:00
Wanliu,5,2016-10-14T11:00:00,2016-10-15T01:00:00,15,290.266667,369.0,2016-10-14T15:00:00
Wanliu,6,2016-10-19T14:00:00,2016-10-19T20:00:00,7,278.571429,305.0,2016-10-19T16:00:00
Wanliu,7,2016-10-20T05:00:00,2016-10-20T05:00:00,1,246.0,246.0,2016-10-20T05:00:00
Wanliu,8,2016-11-03T15:00:00,2016-11-03T15:00:00,1,271.0,271.0,2016-11-03T15:00:00
Wanliu,9,2016-11-03T19:00:00,2016-11-03T21:00:00,3,255.0,260.0,2016-11-03T19:00:00
Wanliu,10,2016-11-03T23:00:00,2016-11-04T02:00:00,4,263.5,276.0,2016-11-04T00:00:00
Wanliu,11,2016-11-04T11:00:00,2016-11-04T18:00:00,8,309.875,357.0,2016-11-04T16:00:00
Wanliu,12,2016-11-05T00:00:00,2016-11-05T01:00:00,2,253.5,255.0,2016-11-05T01:00:00
Wanliu,13,2016-11-18T17:00:00,2016-11-18T17:00:00,1,247.0,247.0,2016-11-18T17:00:00
Wanliu,14,2016-11-19T00:00:00,2016-11-19T00:00:00,1,246.0,246.0,2016-11-19T00:00:00
Wanliu,15,2016-11-19T19:00:00,2016-11-19T21:00:00,3,254.0,261.0,2016-11-19T21:00:00
Wanliu,16,2016-11-25T19:00:00,2016-11-26T00:00:00,6,326.333333,379.0,2016-11-25T23:00:00
Wanliu,17,2016-11-26T05:00:00,2016-11-26T11:00:00,7,262.714286,269.0,2016-11-26T11:00:00
Wanliu,18,2016-11-26T13:00:00,2016-11-26T13:00:00,1,258.0,258.0,2016-11-26T13:00:00
Wanliu,19,2016-11-26T16:00:00,2016-11-27T01:00:00,10,343.7,414.0,2016-11-26T21:00:00
Wanliu,20,2016-12-03T19:00:00,2016-12-04T11:00:00,17,333.235294,418.0,2016-12-04T03:00:00
Wanliu,21,2016-12-04T21:00:00,2016-12-04T21:00:00,1,255.0,255.0,2016-12-04T21:00:00
Wanliu,22,2016-12-17T15:00:00,2016-12-17T21:00:00,7,252.714286,260.0,2016-12-17T16:00:00
Wanliu,23,2016-12-18T18:00:00,2016-12-18T22:00:00,5,262.0,269.0,2016-12-18T21:00:00
Wanliu,24,2016-12-19T11:00:00,2016-12-19T13:00:00,3,267.0,271.0,2016-12-19T13:00:00
Wanliu,25,2016-12-19T20:00:00,2016-12-19T23:00:00,4,288.0,326.0,2016-12-19T22:00:00
Wanliu,26,2016-12-20T03:00:00,2016-12-20T15:00:00,13,385.076923,536.0,2016-12-20T14:00:00
Wanliu,27,2016-12-20T18:00:00,2016-12-22T02:00:00,33,387.484848,483.0,2016-12-20T19:00:00
Wanliu,28,2016-12-30T00:00:00,2016-12-30T01:00:00,2,320.5,330.0,2016-12-30T01:00:00
Wanliu,29,2016-12-30T17:00:00,2016-12-31T00:00:00,8,304.625,344.0,2016-12-30T21:00:00
Wanliu,30,2016-12-31T12:00:00,2017-01-02T04:00:00,41,441.0,561.0,2017-01-01T14:00:00
Wanliu,31,2017-01-02T15:00:00,2017-01-02T15:00:00,1,259.0,259.0,2017-01-02T15:00:00
Wanliu,32,2017-01-03T01:00:00,2017-01-03T03:00:00,3,258.333333,269.0,2017-01-03T01:00:00
Wanliu,33,2017-01-03T16:00:00,2017-01-04T12:00:00,21,431.857143,585.0,2017-01-04T02:00:00
Wanliu,34,2017-01-04T16:00:00,2017-01-05T00:00:00,9,393.111111,494.0,2017-01-04T21:00:00
Wanliu,35,2017-01-05T05:00:00,2017-01-05T09:00:00,5,288.4,320.0,2017-01-05T06:00:00
Wanliu,36,2017-01-26T01:00:00,2017-01-26T08:00:00,8,253.75,266.0,2017-01-26T02:00:00
Wanliu,37,2017-01-26T10:00:00,2017-01-26T10:00:00,1,246.0,246.0,2017-01-26T10:00:00
Wanliu,38,2017-01-27T22:00:00,2017-01-28T12:00:00,15,414.066667,625.0,2017-01-28T06:00:00
Wanliu,39,2017-01-28T20:00:00,2017-01-29T00:00:00,5,258.0,271.0,2017-01-28T21:00:00
Wanliu,40,2017-02-03T19:00:00,2017-02-04T00:00:00,6,301.166667,352.0,2017-02-03T22:00:00
Wanliu,41,2017-02-04T04:00:00,2017-02-04T13:00:00,10,280.4,309.0,2017-02-04T06:00:00
Wanliu,42,2017-02-04T15:00:00,2017-02-04T19:00:00,5,315.2,351.0,2017-02-04T18:00:00
Wanliu,43,2017-02-15T13:00:00,2017-02-16T03:00:00,15,260.933333,275.0,2017-02-15T19:00:00
Wanliu,44,2017-02-16T05:00:00,2017-02-16T07:00:00,3,252.333333,256.0,2017-02-16T05:00:00
Wanshouxigong,1,2016-03-02T02:00:00,2016-03-02T02:00:00,1,247.0,247.0,2016-03-02T02:00:00
Wanshouxigong,2,2016-03-03T10:00:00,2016-03-04T21:00:00,36,324.055556,390.0,2016-03-04T01:00:00
Wanshouxigong,3,2016-03-16T13:00:00,2016-03-16T14:00:00,2,272.5,278.0,2016-03-16T13:00:00
Wanshouxigong,4,2016-03-16T16:00:00,2016-03-17T01:00:00,10,287.9,329.0,2016-03-16T21:00:00
Wanshouxigong,5,2016-03-17T09:00:00,2016-03-17T14:00:00,6,284.666667,315.0,2016-03-17T13:00:00
Wanshouxigong,6,2016-03-17T17:00:00,2016-03-18T10:00:00,18,329.777778,368.0,2016-03-18T03:00:00
Wanshouxigong,7,2016-04-13T12:00:00,2016-04-13T13:00:00,2,259.5,265.0,2016-04-13T12:00:00
Wanshouxigong,8,2016-05-06T00:00:00,2016-05-06T02:00:00,3,303.333333,319.0,2016-05-06T01:00:00
Wanshouxigong,9,2016-06-08T19:00:00,2016-06-08T20:00:00,2,248.0,250.0,2016-06-08T20:00:00
Wanshouxigong,10,2016-06-20T00:00:00,2016-06-20T00:00:00,1,246.0,246.0,2016-06-20T00:00:00
Wanshouxigong,11,2016-07-04T07:00:00,2016-07-04T07:00:00,1,254.0,254.0,2016-07-04T07:00:00
Wanshouxigong,12,2016-07-23T20:00:00,2016-07-23T20:00:00,1,284.0,284.0,2016-07-23T20:00:00
Wanshouxigong,13,2016-07-26T05:00:00,2016-07-26T05:00:00,1,247.0,247.0,2016-07-26T05:00:00
Wanshouxigong,14,2016-07-30T13:00:00,2016-07-30T14:00:00,2,246.5,247.0,2016-07-30T13:00:00
Wanshouxigong,15,2016-10-02T21:00:00,2016-10-02T21:00:00,1,245.0,245.0,2016-10-02T21:00:00
Wanshouxigong,16,2016-10-13T23:00:00,2016-10-13T23:00:00,1,247.0,247.0,2016-10-13T23:00:00
Wanshouxigong,17,2016-10-14T01:00:00,2016-10-14T01:00:00,1,250.0,250.0,2016-10-14T01:00:00
Wanshouxigong,18,2016-10-14T10:00:00,2016-10-14T12:00:00,3,281.666667,305.0,2016-10-14T12:00:00
Wanshouxigong,19,2016-10-19T12:00:00,2016-10-19T18:00:00,7,281.285714,300.0,2016-10-19T14:00:00
Wanshouxigong,20,2016-11-03T14:00:00,2016-11-03T22:00:00,9,270.333333,304.0,2016-11-03T15:00:00
Wanshouxigong,21,2016-11-04T10:00:00,2016-11-04T17:00:00,8,295.625,339.0,2016-11-04T14:00:00
Wanshouxigong,22,2016-11-05T01:00:00,2016-11-05T03:00:00,3,251.0,253.0,2016-11-05T02:00:00
Wanshouxigong,23,2016-11-10T00:00:00,2016-11-10T00:00:00,1,247.0,247.0,2016-11-10T00:00:00
Wanshouxigong,24,2016-11-18T14:00:00,2016-11-18T14:00:00,1,250.0,250.0,2016-11-18T14:00:00
Wanshouxigong,25,2016-11-19T19:00:00,2016-11-19T20:00:00,2,254.5,264.0,2016-11-19T20:00:00
Wanshouxigong,26,2016-11-25T18:00:00,2016-11-26T03:00:00,10,315.3,345.0,2016-11-25T22:00:00
Wanshouxigong,27,2016-11-26T05:00:00,2016-11-26T14:00:00,10,312.7,352.0,2016-11-26T12:00:00
Wanshouxigong,28,2016-11-26T16:00:00,2016-11-27T02:00:00,11,339.636364,399.0,2016-11-26T23:00:00
Wanshouxigong,29,2016-12-02T21:00:00,2016-12-03T00:00:00,4,283.0,294.0,2016-12-02T23:00:00
Wanshouxigong,30,2016-12-03T16:00:00,2016-12-04T11:00:00,20,437.15,569.0,2016-12-04T00:00:00
Wanshouxigong,31,2016-12-04T19:00:00,2016-12-04T23:00:00,5,280.2,288.0,2016-12-04T20:00:00
Wanshouxigong,32,2016-12-08T04:00:00,2016-12-08T04:00:00,1,247.0,247.0,2016-12-08T04:00:00
Wanshouxigong,33,2016-12-12T12:00:00,2016-12-12T13:00:00,2,249.5,252.0,2016-12-12T12:00:00
Wanshouxigong,34,2016-12-16T13:00:00,2016-12-16T14:00:00,2,260.0,264.0,2016-12-16T14:00:00
Wanshouxigong,35,2016-12-16T18:00:00,2016-12-16T23:00:00,6,292.666667,321.0,2016-12-16T23:00:00
Wanshouxigong,36,2016-12-17T14:00:00,2016-12-18T04:00:00,15,333.133333,401.0,2016-12-17T20:00:00
Wanshouxigong,37,2016-12-18T06:00:00,2016-12-18T07:00:00,2,251.5,254.0,2016-12-18T07:00:00
Wanshouxigong,38,2016-12-18T14:00:00,2016-12-19T07:00:00,18,285.277778,325.0,2016-12-19T05:00:00
Wanshouxigong,39,2016-12-19T13:00:00,2016-12-19T14:00:00,2,265.0,269.0,2016-12-19T14:00:00
Wanshouxigong,40,2016-12-19T18:00:00,2016-12-20T14:00:00,21,446.285714,554.0,2016-12-20T02:00:00
Wanshouxigong,41,2016-12-20T17:00:00,2016-12-22T03:00:00,35,415.085714,483.0,2016-12-21T15:00:00
Wanshouxigong,42,2016-12-29T22:00:00,2016-12-30T06:00:00,9,365.0,410.0,2016-12-30T00:00:00
Wanshouxigong,43,2016-12-30T15:00:00,2017-01-02T04:00:00,62,404.403226,552.0,2017-01-01T14:00:00
Wanshouxigong,44,2017-01-02T10:00:00,2017-01-02T17:00:00,8,326.25,419.0,2017-01-02T11:00:00
Wanshouxigong,45,2017-01-02T22:00:00,2017-01-04T08:00:00,35,422.0,634.0,2017-01-04T02:00:00
Wanshouxigong,46,2017-01-04T10:00:00,2017-01-04T12:00:00,3,537.333333,621.0,2017-01-04T12:00:00
Wanshouxigong,47,2017-01-04T15:00:00,2017-01-05T00:00:00,10,364.3,411.0,2017-01-04T20:00:00
Wanshouxigong,48,2017-01-05T06:00:00,2017-01-05T12:00:00,7,274.714286,292.0,2017-01-05T07:00:00
Wanshouxigong,49,2017-01-25T22:00:00,2017-01-26T12:00:00,15,305.533333,369.0,2017-01-26T04:00:00
Wanshouxigong,50,2017-01-27T21:00:00,2017-01-28T15:00:00,19,463.0,823.0,2017-01-28T03:00:00
Wanshouxigong,51,2017-01-28T17:00:00,2017-01-29T01:00:00,9,261.777778,280.0,2017-01-29T01:00:00
Wanshouxigong,52,2017-02-03T02:00:00,2017-02-03T02:00:00,1,245.0,245.0,2017-02-03T02:00:00
Wanshouxigong,53,2017-02-03T18:00:00,2017-02-04T20:00:00,27,339.111111,413.0,2017-02-04T14:00:00
Wanshouxigong,54,2017-02-11T22:00:00,2017-02-12T00:00:00,3,304.0,350.0,2017-02-12T00:00:00
Wanshouxigong,55,2017-02-15T00:00:00,2017-02-15T01:00:00,2,249.0,251.0,2017-02-15T00:00:00
Wanshouxigong,56,2017-02-15T13:00:00,2017-02-16T07:00:00,19,264.578947,287.0,2017-02-15T23:00:00
